Index,Company Name,Symbol,Sector,Industry
2,5N Plus Inc.,VNP,,
4,A&W Revenue Rylty Un,AW.UN,,
6,Aberdeen Asia-Pacifc,FAP,,
8,Aberdeen Int'l. J,AAB,,
10,Absolute Software J,ABT,,
12,Acadian Timber Corp.,ADN,,
14,Acasta Entrpr Cl B,AEF,,
15,Acasta Entrpr Wt,AEF.WT,,
17,Accelerate Absol Heg,HDGE,,
19,AccelerateCA Benchmk,ATSX,,
21,Accelerate PrivEqAlp,ALFA,,
23,Accord Financial,ACD,,
24,Accord Fin Corp 7%Db,ACD.DB,,
26,Acerus Pharma Corp J,ASP,,
27,Acerus Pharma J Wt,ASP.WT,,
29,ADF Group Inc. SV,DRX,,
31,Advantage Oil & Gas,AAV,,
33,Advntg Cdn HiYld Bnd,AHY.UN,,
35,Advanz Pharma Corp.J,ADVZ,,
36,Advanz Pharma Corp.J,ADVZ.U,,
38,Aecon Group Inc.,ARE,,
39,Aecon Group 5% Deb C,ARE.DB.C,,
41,AEterna Zentaris Inc,AEZS,,
43,Africa Oil Corp. J,AOI,,
45,Ag Growth Int'l Inc.,AFN,,
46,Ag Growth Intl2020Db,AFN.DB.C,,
47,AG Growth Intl4.85Db,AFN.DB.D,,
48,AG Growth Intl 4.5Db,AFN.DB.E,,
49,Ag Growth Intl 5.4Db,AFN.DB.F,,
51,AGF Management B NV,AGF.B,,
53,AGFiQ EnhanCoreCA Eq,QCD,,
55,AGFiQ CoreEmrgMktsUn,QEM,,
57,AGFiQ EnhCoreIntl Eq,QIE,,
59,AGFiQ EnhanCoreUS Eq,QUS,,
61,AGFiQ Glbl Eq Rotate,QGL,,
63,AGFiQ MultiAssetAloc,QMA,,
65,AGFiQ MultiAssetIncm,QMY,,
67,AgJunction Inc.,AJX,,
69,Agnico Eagle Mines,AEM,,
71,Aimia Inc.,AIM,,
72,Aimia Inc. Ser 1 Pr,AIM.PR.A,,
73,Aimia Inc. Ser 2 Pr,AIM.PR.B,,
74,Aimia Inc. Ser 3 Pr,AIM.PR.C,,
76,Air Canada Vote & VV,AC,,
78,Airboss of America J,BOS,,
80,Akita Drill Cl A NV,AKT.A,,
81,Akita Drilling Cl B,AKT.B,,
83,Akumin Inc. J,AKU,,
84,Akumin Inc. J USF,AKU.U,,
86,Alacer Gold Corp. J,ASR,,
88,Alamos Gold Inc. J,AGI,,
90,Alaris Royalty Corp.,AD,,
91,Alaris Royalty Deb,AD.DB,,
93,Alcanna Inc.,CLIQ,,
94,Alcanna Inc 31JA22Db,CLIQ.DB,,
96,Alderon Iron Ore J,IRON,,
98,Aleafia Health J,ALEF,,
100,Alexco Resource J,AXR,,
102,Algoma Central Corp,ALC,,
103,Algoma Centrl 5.25Db,ALC.DB.A,,
105,Algonquin Pwr & Util,AQN,,
106,Algonquin Pwr A Pr,AQN.PR.A,,
107,Algonquin Pwr D Pr,AQN.PR.D,,
109,Alignvest AcquisA RV,AQY.A,,
110,Alignvest AcquisJ Wt,AQY.WT,,
112,Alimentation Cl A MV,ATD.A,,
113,Alimentation Cl B SV,ATD.B,,
115,Alio Gold Inc. J,ALO,,
117,Alithya Group J A SV,ALYA,,
119,Allbanc Splt 2 Cap A,ALB,,
120,Allbanc Splt II Pr 2,ALB.PR.C,,
122,Allied Prop. REIT Un,AP.UN,,
124,Almaden Minerals,AMM,,
126,Almonty Industries J,AII,,
128,AltaGas Canada Inc.,ACI,,
130,AltaGas Ltd.,ALA,,
131,AltaGas Ltd Sr A Pr,ALA.PR.A,,
132,AltaGas Ltd Sr B Pr,ALA.PR.B,,
133,AltaGas Ltd Sr E Pr,ALA.PR.E,,
134,AltaGas Ltd Sr G Pr,ALA.PR.G,,
135,AltaGas Ltd Sr I Pr,ALA.PR.I,,
136,AltaGas Ltd Sr K Pr,ALA.PR.K,,
137,AltaGas Ltd C Pr USF,ALA.PR.U,,
139,Altius Minerals Corp,ALS,,
140,Altius Minerals Pr,ALS.PR.A,,
142,Altus Group Limited,AIF,,
144,American Hotl Deb US,HOT.DB.U,,
145,American Hotl Un USF,HOT.U,,
146,American Hotl LP Un,HOT.UN,,
148,Americas Silver J,USA,,
150,Amerigo Resources J,ARG,,
152,Anaconda Mining J,ANX,,
154,Andrew Peller A NV,ADW.A,,
155,Andrew Peller Ltd. B,ADW.B,,
157,Anglo Pacific Ord,APY,,
159,Aphria Inc. J,APHA,,
161,Aptose Biosciences,APS,,
163,Aquila Resources J,AQA,,
165,ARC Resources Ltd.,ARX,,
167,Argonaut Gold Inc. J,AR,,
169,Aritzia Inc. SV,ATZ,,
171,Artis REIT Ser A Pr,AX.PR.A,,
172,Artis REIT Ser E Pr,AX.PR.E,,
173,Artis REIT Ser G Pr,AX.PR.G,,
174,Artis REIT Ser I Pr,AX.PR.I,,
175,Artis REIT Un,AX.UN,,
177,Asanko Gold Inc. J,AKG,,
179,Ascendant Res J,ASND,,
180,Ascendant Res J Wt,ASND.WT,,
182,Atalaya Mining Ord J,AYM,,
184,ATCO Ltd. Cl I NV,ACO.X,,
185,ATCO Ltd. Cl II,ACO.Y,,
187,Athabasca Oil Corp J,ATH,,
189,Atlantic Power,ATP,,
190,Atlantic Pwr 6% Db E,ATP.DB.E,,
192,Atlantic Pwr Eq Pr 1,AZP.PR.A,,
193,Atlantic Pwr Eq Pr 2,AZP.PR.B,,
194,Atlantic Pwr Eq Pr 3,AZP.PR.C,,
196,Atlatsa Res Corp. J,ATL,,
198,Atrium Mtg Invest,AI,,
199,Atrium Mtg Inv5.25Db,AI.DB,,
200,Atrium Mtg Inv 5.5Db,AI.DB.B,,
201,Atrium Mtg Inv 5.3Db,AI.DB.C,,
202,Atrium Mtg Inv 5.5Db,AI.DB.D,,
203,Atrium Mtg Inv 5.6Db,AI.DB.E,,
205,ATS Automation Tool,ATA,,
207,Aura Minerals Inc. J,ORA,,
209,Aurinia Pharma Inc J,AUP,,
211,Aurora Cannabis J,ACB,,
212,Aurora Cannabs J Wt,ACB.WT,,
214,Auryn Resources J,AUG,,
216,Australian REIT A Un,HRR.UN,,
218,AutoCanada Inc.,ACQ,,
220,Automotive Ppty Un,APR.UN,,
222,Avalon Advncd Mtrl J,AVL,,
224,Avcorp Industries,AVP,,
226,Avesoro Res Inc. J,ASO,,
228,Avino Silver & Gld J,ASM,,
229,Avino Silvr&Gld J Wt,ASM.WT,,
231,Azarga Uranium A J,AZZ,,
233,B2Gold Corp. J,BTO,,
235,Badger Daylighting,BAD,,
237,Ballard Power Sys,BLDP,,
239,Balmoral Resources J,BAR,,
241,Bank of Montreal,BMO,,
242,Bk of Mon Pr Ser 26,BMO.PR.A,,
243,Bk of Mon Pr Ser 38,BMO.PR.B,,
244,Bk of Mon Pr Ser 40,BMO.PR.C,,
245,Bk of Mon Pr Ser 42,BMO.PR.D,,
246,Bk of Mon Pr Ser 44,BMO.PR.E,,
247,Bk of Mon Pr Ser 46,BMO.PR.F,,
248,Bk of Mon Pr Ser 25,BMO.PR.Q,,
249,Bk of Mon Pr Ser 27,BMO.PR.S,,
250,Bk of Mon Pr Ser 29,BMO.PR.T,,
251,Bk of Mon Pr Ser 31,BMO.PR.W,,
252,Bk of Mon Pr Ser 33,BMO.PR.Y,,
253,Bk of Mon Pr Ser 35,BMO.PR.Z,,
255,Bank of Nova Scotia,BNS,,
256,Bank of N S Sr 31 Pr,BNS.PR.D,,
257,Bank of N S Sr 34 Pr,BNS.PR.E,,
258,Bank of N S Sr 33 Pr,BNS.PR.F,,
259,Bank of N S Sr 36 Pr,BNS.PR.G,,
260,Bank of N S Sr 38 Pr,BNS.PR.H,,
261,Bank of N S Sr 40 Pr,BNS.PR.I,,
262,Bank of N S Sr 30 Pr,BNS.PR.Y,,
263,Bank of N S Sr 32 Pr,BNS.PR.Z,,
265,Barclays Bank NtI-28,BXS.DB.C,,
267,Barrick Gold Corp,ABX,,
269,Bausch Health Co,BHC,,
271,Baylin Tech Inc. J,BYL,,
272,Baylin Tech J Deb,BYL.DB,,
274,Baytex Energy Corp.,BTE,,
276,BCE Inc.,BCE,,
277,BCE Inc. Pr Ser AA,BCE.PR.A,,
278,BCE Inc. Pr Ser AB,BCE.PR.B,,
279,BCE Inc. Pr Ser AC,BCE.PR.C,,
280,BCE Inc. Pr Ser AD,BCE.PR.D,,
281,BCE Inc. Pr Ser AE,BCE.PR.E,,
282,BCE Inc. Pr Ser AF,BCE.PR.F,,
283,BCE Inc. Pr Ser AG,BCE.PR.G,,
284,BCE Inc. Pr Ser AH,BCE.PR.H,,
285,BCE Inc. Pr Ser AI,BCE.PR.I,,
286,BCE Inc. Pr Ser AJ,BCE.PR.J,,
287,BCE Inc. Pr Ser AK,BCE.PR.K,,
288,BCE Inc. Pr Ser AL,BCE.PR.L,,
289,BCE Inc. Pr Ser AM,BCE.PR.M,,
290,BCE Inc. Pr Ser AN,BCE.PR.N,,
291,BCE Inc. Pr Ser AO,BCE.PR.O,,
292,BCE Inc. Pr Ser AQ,BCE.PR.Q,,
293,BCE Inc. Pr Ser R,BCE.PR.R,,
294,BCE Inc. Pr Ser S,BCE.PR.S,,
295,BCE Inc. Pr Ser T,BCE.PR.T,,
296,BCE Inc. Pr Series Y,BCE.PR.Y,,
297,BCE Inc. Pr Series Z,BCE.PR.Z,,
299,Becker Milk Cl B NV,BEK.B,,
301,Bellatrix Expl Ltd.,BXE,,
303,BELLUS Health Inc.,BLU,,
305,Belo Sun Mining J,BSX,,
307,Bengal Energy Ltd. J,BNG,,
309,BetaProCdnGldMn-2xBr,HGD,,
311,BetaProCdnGldMnr2xBl,HGU,,
313,BetaPro CrdOil-2x Br,HOD,,
315,BetaPro CrudeOil2xBl,HOU,,
317,BetaPro GldBul-2x Br,HBD,,
319,BetaPro GldBul 2x Bl,HBU,,
321,BetaPro MarijCo2xBul,HMJU,,
323,BetaPro MarijCoInvrA,HMJI,,
325,BetaProNSDQ100 -2xBr,HQD,,
326,BtaProNSDQ100-2xBrUS,HQD.U,,
328,BetaProNASDQ100 2xBl,HQU,,
330,BetaProNatGas -2x Br,HND,,
332,BetaPro NatGas 2xBul,HNU,,
334,BetaPro S&P500 -2xBr,HSD,,
336,BetaPro S&P500 2x Bl,HSU,,
338,BetaProSP500DlyInvrs,HIU,,
340,BetaProSP500 ST Futr,HUV,,
342,BetaProS&PTSX60-2xBr,HXD,,
344,BetaProS&PTSX60 2xBl,HXU,,
346,BetaPro60 DailyInvrs,HIX,,
348,BetaProS&PTSXEngy-2x,HED,,
350,BetaProS&PTSX Engy2x,HEU,,
352,BetaProSPTSX Fin -2x,HFD,,
354,BetaProSPTSXFin 2xBl,HFU,,
356,BetaPro Slvr -2DlyBr,HZD,,
358,BetaPro Slvr 2xDlyBl,HZU,,
360,Big Pharma Split A,PRM,,
361,Big Pharma Split Pr,PRM.PR.A,,
363,Big Rock Brewery Inc,BR,,
365,BIP Invest Ser 1 Pr,BIK.PR.A,,
367,Birchcliff Energy,BIR,,
368,Birchcliff Engy Pr A,BIR.PR.A,,
369,Birchcliff Engy Pr C,BIR.PR.C,,
371,Bird Construction,BDT,,
373,Black Diamond Group,BDI,,
375,Black Iron Inc. J,BKI,,
377,BlackBerry Limited,BB,,
378,BlackBerry 3.75Db US,BB.DB.V,,
380,Blockchain Tech A Un,HBLK,,
382,Bloom Select Incm Un,BLB.UN,,
384,Bloom US Incm&Gro Un,BUA.UN,,
386,Blue Ribbon Incm Un,RBN.UN,,
388,BMO AggregateBnd ETF,ZAG,,
390,BMO Balanced ETF CAD,ZBAL,,
392,BMO Cdn Dividend Un,ZDV,,
394,BMO Cdn HiDivCovCall,ZWC,,
396,BMO China Eq Idx ETF,ZCH,,
398,BMO Conservative Un,ZCON,,
400,BMO Core+Bond ETF Sr,ZCPB,,
402,BMO Corp Bond Idx Un,ZCB,,
404,BMO Coverd CallCdnBk,ZWB,,
406,BMO DJ IndustAvg Un,ZWA,,
408,BMO CoverCalUS Bk CA,ZWK,,
410,BMO CoverdUtility Un,ZWU,,
412,BMO Discount Bnd Un,ZDB,,
414,BMO DJ IndAv Heg ETF,ZDJ,,
416,BMO Em Mkt Bond HED,ZEF,,
418,BMO Eql Wgt Bank ETF,ZEB,,
420,BMO EqWgtGlbMtlHegCA,ZMT,,
422,BMO EqWght Glb Gold,ZGD,,
424,BMO EqWgtIndustrl Un,ZIN,,
426,BMO Eq WghtOil & Gas,ZEO,,
428,BMO Eql Wgt REITs Un,ZRE,,
430,BMO Eq Wgt US Banks,ZUB,,
432,BMO EqlWght US BkCAD,ZBK,,
434,BMO EqWgt US Health,ZUH,,
436,BMO EqWgtUS HlthCare,ZHU,,
438,BMO Eql Wgt Util ETF,ZUT,,
440,BMO EU HiDiv CovCall,ZWP,,
442,BMO EU DivCovCal C-H,ZWE,,
444,BMO Fltg RtHi Yld Un,ZFH,,
446,BMO Glbl BanksHegCAD,BANK,,
448,BMO Global Commun Un,COMM,,
450,BMO Glbl ConsmrDiscr,DISC,,
452,BMO Glbl Consmr Stpl,STPL,,
454,BMO Gbl Infrastr ETF,ZGI,,
456,BMO GlblInsuranceHeg,INSR,,
458,BMO Glb Mult-SctrBnd,ZMSB,,
460,BMO Glb Stratgc Bond,ZGSB,,
462,BMO Gov't Bond Un,ZGB,,
464,BMO Growth ETF CA Un,ZGRO,,
466,BMO HY US CrpHdg ETF,ZHY,,
468,BMO HiYldUS CorpBnd,ZJK,,
470,BMO India Eq Idx ETF,ZID,,
472,BMO Int'l Div CAD Un,ZDI,,
474,BMO Intl DivHg-CA Un,ZDH,,
476,BMO Junior Gas ETF,ZJN,,
478,BMO Junior Gold ETF,ZJG,,
480,BMO Junior Oil ETF,ZJO,,
482,BMO Laddered Pr Indx,ZPR,,
484,BMO Long Crp Bnd ETF,ZLC,,
486,BMO Lng Federal Bond,ZFL,,
488,BMO LngProvBndCad Un,ZPL,,
490,BMO Volatlty Cad Un,ZLB,,
492,BMO LwVoltyEqCAD Un,ZLE,,
494,BMO LowVolIntl Eq Un,ZLI,,
496,BMO LwVol IntlEq H-C,ZLD,,
498,BMO LwVltyUSEq CADUn,ZLU,,
499,BMO LwVltyUSEq US Un,ZLU.U,,
501,BMO LowVol US Eq H-C,ZLH,,
503,BMO Mid Crp Bond ETF,ZCM,,
505,BMO Mid Fed Bnd Indx,ZFM,,
507,BMO MidProvBnd CadUn,ZMP,,
509,BMO MidUS IG HegBnd,ZMU,,
511,BMO MidUSCrpBndCA Un,ZIC,,
512,BMO MidUS CrpBnd USF,ZIC.U,,
514,BMO Monthly Incm Un,ZMI,,
516,BMO MSCI AllCntryWrl,ZGQ,,
518,BMO MSCI CdaValue Un,ZVC,,
520,BMO MSCI EAFE HegCAD,ZDM,,
522,BMO MSCI EAFE Idx Un,ZEA,,
524,BMO MSCI EAFE Val Un,ZVI,,
526,BMO MSCI EmrgMkts Un,ZEM,,
528,BMO MSCI EU HiQltyUn,ZEQ,,
530,BMO MSCI US HiQltyUn,ZUQ,,
532,BMO MSCI USAValue Un,ZVU,,
534,BMO Nasdaq EqHed ETF,ZQQ,,
536,BMO Nasdaq100 Eq Cad,ZNQ,,
538,BMO Rl Return Bond,ZRR,,
540,BMO S&P 500 Hedg-CAD,ZUE,,
542,BMO S&P500 IdxCAD Un,ZSP,,
543,BMO S&P500 Idx US Un,ZSP.U,,
545,BMO S&P/TSX CompIndx,ZCN,,
547,BMO Shiller Selct US,ZEUS,,
549,BMO Shrt Crp Bnd ETF,ZCS,,
550,BMO Sh Corp BndAccum,ZCS.L,,
552,BMO Shrt Fed Bnd ETF,ZFS,,
553,BMO ShFedrlBnd Accum,ZFS.L,,
555,BMO Shrt Prv Bnd ETF,ZPS,,
556,BMO ShProv Bnd Accum,ZPS.L,,
558,BMO ShortTrm Bond Un,ZSB,,
560,BMO Sh-Trm US CrpBnd,ZSU,,
562,BMO SIA Cdn Eqty Fnd,ZFC,,
564,BMO SIA NA Eq ETF Un,ZFN,,
566,BMO Tactical Div Un,ZZZD,,
568,BMO Ultra ShrtBnd Un,ZST,,
569,BMO UltraSh BndAccum,ZST.L,,
571,BMO UltraST BndUS Un,ZUS.U,,
572,BMO UltST BndUS Acum,ZUS.V,,
574,BMO USDiv ETF CAD Un,ZDY,,
575,BMO USDiv ETF USD Un,ZDY.U,,
577,BMO USDiv Hdg-Cad Un,ZUD,,
579,BMO US HighDivCov Un,ZWH,,
580,BMO US HighDivCov US,ZWH.U,,
582,BMO US HiDivCovHg-CA,ZWS,,
584,BMO US PrefShr Hg-CA,ZHP,,
586,BMO US PrefShr CA Un,ZUP,,
587,BMO US PrefShr USD,ZUP.U,,
589,BMO US Put Write CAD,ZPW,,
590,BMO US Put Write USD,ZPW.U,,
592,BMO US PutWrte Hg-CA,ZPH,,
594,BMO Women LeadrshpUn,WOMN,,
596,BMTC Group Inc.,GBT,,
598,BNK Petroleum Inc. J,BKX,,
600,BNS Split Corp. II A,BSC,,
601,BNS Split II Pr 2,BSC.PR.C,,
603,Boardwalk REIT Un,BEI.UN,,
605,Bombardier Cl A MV,BBD.A,,
606,Bombardier Cl B SV,BBD.B,,
607,Bombardier Ser 2 Pr,BBD.PR.B,,
608,Bombardier 6.25% Pr,BBD.PR.C,,
609,Bombardier Ser 3 Pr,BBD.PR.D,,
611,Bonavista Energy,BNP,,
613,Bonterra Energy Corp,BNE,,
615,Boralex Inc. Cl A,BLX,,
616,Boralex Inc 4.5% Deb,BLX.DB.A,,
618,Boston Pizza Fnd Un,BPF.UN,,
620,Boyd Group Fnd Tr Un,BYD.UN,,
622,Boyuan Constr J,BOY,,
624,Brampton Brick A SV,BBL.A,,
626,Brand Leaders Fnd Un,HBL.UN,,
628,Bri-Chem Corp.,BRY,,
630,Bridgemarq Rl Est RV,BRE,,
632,BristolGate CdnEtyUn,BGC,,
634,Bristol GateUS Eq Un,BGU,,
635,Bristol GateUSEq USD,BGU.U,,
637,Brompton Euro DivGro,EDGF,,
639,BromptonCrmrnInvPrUn,BPRF,,
641,BromptonGlblDivGroUn,BDIV,,
643,Brompton Gbl Hlthcr,HIG,,
645,Brompton Life Splt A,LCS,,
646,Brompton LifeSplt Pr,LCS.PR.A,,
648,BromptonNA FinDiv Un,BFIN,,
650,Brompton Oil Splt A,OSP,,
651,Brompton Oil Splt Pr,OSP.PR.A,,
653,Brompton Splt Banc A,SBC,,
654,Brompton Splt Bnc Pr,SBC.PR.A,,
656,Brompton Tech Leadr,TLF,,
658,Brookfld Asset A LV,BAM.A,,
659,Brookfld Asset Pr 32,BAM.PF.A,,
660,Brookfld Asset Pr 34,BAM.PF.B,,
661,Brookfld Asset Pr 36,BAM.PF.C,,
662,Brookfld Asset Pr 37,BAM.PF.D,,
663,Brookfld Asset Pr 38,BAM.PF.E,,
664,Brookfld Asset Pr 40,BAM.PF.F,,
665,Brookfld Asset Pr 42,BAM.PF.G,,
666,Brookfld Asset Pr 44,BAM.PF.H,,
667,Brookfld Asset Pr 46,BAM.PF.I,,
668,Brookfld Asset Pr 48,BAM.PF.J,,
669,Brookfld Asset Pr 2,BAM.PR.B,,
670,Brookfld Asset Pr 4,BAM.PR.C,,
671,Brookfld Asset Pr 8,BAM.PR.E,,
672,Brookfld Asset Pr 9,BAM.PR.G,,
673,Brookfld Asset Pr 13,BAM.PR.K,,
674,Brookfld Asset Pr 17,BAM.PR.M,,
675,Brookfld Asset Pr 18,BAM.PR.N,,
676,Brookfld Asset Pr 24,BAM.PR.R,,
677,Brookfld Asset Pr 25,BAM.PR.S,,
678,Brookfld Asset Pr 26,BAM.PR.T,,
679,Brookfld Asset Pr 28,BAM.PR.X,,
680,Brookfld Asset Pr 30,BAM.PR.Z,,
682,Brookfield Bus LP Un,BBU.UN,,
684,Brkfld GlbInfras Sec,BGI.UN,,
686,Brookfield InfrasPr1,BIP.PR.A,,
687,Brookfield InfrasPr3,BIP.PR.B,,
688,Brookfield InfrasPr5,BIP.PR.C,,
689,Brookfield InfrasPr7,BIP.PR.D,,
690,Brookfield InfrasPr9,BIP.PR.E,,
691,Brookfield InfraPr11,BIP.PR.F,,
692,Brookfield Infras Un,BIP.UN,,
694,Brookfld Office PrAA,BPO.PR.A,,
695,Brookfld Office PrCC,BPO.PR.C,,
696,Brookfld Office PrEE,BPO.PR.E,,
697,Brookfld Office PrGG,BPO.PR.G,,
698,Brookfld Office PrII,BPO.PR.I,,
699,Brookfld Office Pr N,BPO.PR.N,,
700,Brookfld Office Pr P,BPO.PR.P,,
701,Brookfld Office Pr R,BPO.PR.R,,
702,Brookfld Office Pr S,BPO.PR.S,,
703,Brookfld Office Pr T,BPO.PR.T,,
704,Brookfld Office Pr W,BPO.PR.W,,
705,Brookfld Office Pr V,BPO.PR.X,,
706,Brookfld Office Pr Y,BPO.PR.Y,,
708,Brookfld Ppty LP Un,BPY.UN,,
710,Brookfld Ppty Pr 2,BPS.PR.A,,
711,Brookfld Ppty Pr 3,BPS.PR.B,,
712,Brookfld Ppty Pr 4,BPS.PR.C,,
713,Brookfld Pty Pr 1 US,BPS.PR.U,,
715,Brookfield Renew Pr5,BEP.PR.E,,
716,Brookfield Renew Pr7,BEP.PR.G,,
717,Brookfield Renew Pr9,BEP.PR.I,,
718,Brookfield RenewPr11,BEP.PR.K,,
719,Brookfield RenewPr13,BEP.PR.M,,
720,Brookfield RenewPr15,BEP.PR.O,,
721,Brookfield Renew Un,BEP.UN,,
723,Brookfld Renew Pr 1,BRF.PR.A,,
724,Brookfld Renew Pr 2,BRF.PR.B,,
725,Brookfld Renew Pr 3,BRF.PR.C,,
726,Brookfld Renew Pr 5,BRF.PR.E,,
727,Brookfld Renew Pr 6,BRF.PR.F,,
729,Brookfld Selct Oppor,BSO.UN,,
731,BRP Inc. SV,DOO,,
733,BSR REIT Invest USF,HOM.U,,
734,BSR REIT Invest Un,HOM.UN,,
736,BTB REIT 6.9% E Deb,BTB.DB.E,,
737,BTB REIT 7.15% F Deb,BTB.DB.F,,
738,BTB REIT Un,BTB.UN,,
740,Buhler Industries,BUI,,
742,Burcon NutraSci J,BU,,
743,Burcon NutraSci J Rt,BU.RT,,
745,CAE Inc.,CAE,,
747,Caldwell Partners,CWL,,
749,Caledonia Mining Plc,CAL,,
751,Calfrac Well Serv,CFW,,
753,Calian Group Ltd.,CGY,,
755,Callidus Cap Corp,CBL,,
757,Cameco Corporation,CCO,,
759,Canaccord Genuity,CF,,
760,Canaccord Gen 6.25Db,CF.DB.A,,
761,Canaccord Gen A Pr,CF.PR.A,,
762,Canaccord Gen C Pr,CF.PR.C,,
764,Canacol Energy J,CNE,,
766,Cda Goose Hldgs SV,GOOS,,
768,Cdn Apartment Tr Un,CAR.UN,,
770,Cdn Banc Corp Cl 'A',BK,,
771,Cdn Banc Corp. Pr,BK.PR.A,,
773,Cdn Convert Plus Un,CCI.UN,,
775,Cdn Crude Oil Idx Un,CCX,,
777,Canadian General Inv,CGI,,
778,Cdn General 3.75% Pr,CGI.PR.D,,
780,Cdn High Incm Eq Un,CIQ.UN,,
782,Cdn Imperial Bank,CM,,
783,Cdn Imp Bk Ser 39 Pr,CM.PR.O,,
784,Cdn Imp Bk Ser 41 Pr,CM.PR.P,,
785,Cdn Imp Bk Ser 43 Pr,CM.PR.Q,,
786,Cdn Imp Bk Ser 45 Pr,CM.PR.R,,
787,Cdn Imp Bk Ser 47 Pr,CM.PR.S,,
788,Cdn Imp Bk Ser 49 Pr,CM.PR.T,,
789,Cdn Imp Bk Ser 51 Pr,CM.PR.Y,,
791,Cdn Life Co Split A,LFE,,
792,Cdn Life CoSplt Pr12,LFE.PR.B,,
794,Cdn Nat'l Railway,CNR,,
796,Canadian Natural Res,CNQ,,
798,Cdn Pacific Railway,CP,,
800,Cdn Preferred Shr Un,PFT.UN,,
802,Canadian Tire Corp,CTC,,
803,Canadian Tire A NV,CTC.A,,
805,Cdn Util & Tel FndUn,UTE.UN,,
807,Cdn Utilities A NV,CU,,
808,Cdn Util 2nd Pr Y,CU.PR.C,,
809,Cdn Util 2nd Pr AA,CU.PR.D,,
810,Cdn Util 2nd Pr BB,CU.PR.E,,
811,Cdn Util 2nd Pr CC,CU.PR.F,,
812,Cdn Util 2nd Pr DD,CU.PR.G,,
813,Cdn Util 2nd Pr EE,CU.PR.H,,
814,Cdn Util 2nd Pr FF,CU.PR.I,,
815,Cdn Utilities Cl B,CU.X,,
817,Cdn Wstrn Bank,CWB,,
818,Cdn Wstrn Bk Sr 5 Pr,CWB.PR.B,,
819,Cdn Wstrn Bk Sr 7 Pr,CWB.PR.C,,
820,Cdn Wstrn Bk Sr 9 Pr,CWB.PR.D,,
822,Canarc Resource J,CCM,,
824,Candente Copper J,DNT,,
826,Canfor Corporation,CFP,,
828,Canfor Pulp Products,CFX,,
830,Canlan Ice Sports,ICE,,
832,CannTrust Holdings J,TRST,,
834,Canoe EIT Ser 1 Pr,EIT.PR.A,,
835,Canoe EIT Ser 2 Pr,EIT.PR.B,,
836,Canoe EIT Income Un,EIT.UN,,
838,Canopy Grwth Corp J,WEED,,
840,Canso Credit A Un,PBY.UN,,
842,CanWel Building Grp,CWX,,
843,CanWel Building Note,CWX.NT.A,,
845,Capital Power Corp.,CPX,,
846,Capital Pwr Ser 1 Pr,CPX.PR.A,,
847,Capital Pwr Ser 3 Pr,CPX.PR.C,,
848,Capital Pwr Ser 5 Pr,CPX.PR.E,,
849,Capital Pwr Ser 7 Pr,CPX.PR.G,,
850,Capital Pwr Ser 9 Pr,CPX.PR.I,,
851,Capital Pwr Sr 11 Pr,CPX.PR.K,,
853,Capstone Infr Pr A,CSE.PR.A,,
855,Capstone Mining J,CS,,
857,Cardinal Energy J,CJ,,
858,Cardinal Engy J Deb,CJ.DB,,
860,Cardinal Res J Ord,CDV,,
862,Cardiol Therapeutc A,CRDL,,
863,Cardiol TherapeuJ Wt,CRDL.WT,,
865,Cargojet Inc. Com&VV,CJT,,
866,Cargojet Inc 4.65%Db,CJT.DB.C,,
867,Cargojet 5.75 Deb D,CJT.DB.D,,
868,Cargojet 5.75 Deb E,CJT.DB.E,,
870,Caribbean Ut Cl A US,CUP.U,,
872,Carmanah Tech Corp.,CMH,,
874,Cascades Inc.,CAS,,
876,Cathedral Engy Serv,CET,,
878,CCL Industries Cl A,CCL.A,,
879,CCL Industries Cl B,CCL.B,,
881,Celestica Inc SV,CLS,,
883,Cenovus Energy Inc.,CVE,,
885,Centamin plc. Ord,CEE,,
887,Centerra Gold Inc.,CG,,
889,Centric Health J,CHH,,
891,Century Glbl Cmdty J,CNT,,
893,Cequence Energy Ltd.,CQE,,
895,Ceres Global Ag Corp,CRP,,
897,Ceridian HCM Hldg J,CDAY,,
899,Cervus Equipment,CERV,,
901,CES Energy Solutn,CEU,,
903,CGI Inc. Cl A SV,GIB.A,,
905,Chalice Gold Ord J,CXN,,
907,Champion Iron Ord J,CIA,,
909,Charlotte's Web Hldg,CWEB,,
911,Chartwell Retire Un,CSH.UN,,
913,Chemtrade Lgst5.25Db,CHE.DB.B,,
914,Chemtrade Lgst 5% Db,CHE.DB.C,,
915,Chemtrade Lgst4.75Db,CHE.DB.D,,
916,Chemtrade Logistc Un,CHE.UN,,
918,Chesswood Group Ltd.,CHW,,
920,China Gld Intl Res J,CGG,,
922,Chinook Energy Inc.,CKE,,
924,Choice Ppty REIT Un,CHP.UN,,
926,Chorus Aviation V&VV,CHR,,
927,Chorus Aviation 6%Db,CHR.DB,,
929,CI Financial Corp.,CIX,,
931,CI 1stAst1-5GvtBndUn,BXF,,
933,CI 1stAsstActvCADiv,FDV,,
935,CI1st AsstActvCredUn,FAO,,
936,CI1st AsstActvCredUS,FAO.U,,
938,CI1st AstActUtilInfr,FAI,,
940,CI 1stAsset Material,MXF,,
942,CI1st AsstCA Buyback,FBE,,
944,CI 1st Asset ConvBnd,CXF,,
946,CI 1st Asset CdnREIT,RIT,,
948,CI 1stAstCanBancIncm,CIC,,
950,CI 1st AstCoreCdn Eq,CED,,
952,CI 1stAsst CoreCdnEq,CSY,,
954,CI1stAstCoreUSEqC$Un,CES,,
955,CI1stAstCorUSEqC$Unh,CES.B,,
956,CI1stAstCorUS$UnHGUn,CES.U,,
958,CI 1stAstEngyGianCov,NXF,,
959,CI1stAstEgyGiaUnhgUn,NXF.B,,
961,CI 1stAst EnhGovBond,FGO,,
962,CI1stAst EnhGvtBndUS,FGO.U,,
964,CI 1stAstEnhncSH Bnd,FSB,,
965,CI1stAstEnhncShBndUS,FSB.U,,
967,CI 1st Asset EU Un,FHB,,
969,CI 1stAst GlbFinSctr,FSF,,
971,CI 1st AstHlthCrCov,FHI,,
972,CI1stAstHlthCr CovUH,FHI.B,,
974,CI 1stAst InterstSvg,CSAV,,
976,CI 1st Asst InvBndUn,FIG,,
977,CI 1st AsstInvBnd US,FIG.U,,
979,CI1st Asst LngDurFxd,FLB,,
981,CI 1stAsst MornDiv30,DXM,,
983,CI1stAsst MrnMomntUn,WXM,,
985,CI 1stAstMornCA Val,FXM,,
987,CI 1stAst MornIntlUn,ZXM,,
988,CI1stAst IntlMomUnhg,ZXM.B,,
990,CI1stAstMrnIntlValUn,VXM,,
991,CI 1stAstIntlValUnhg,VXM.B,,
993,CI1stAsstMrnstrNBkQC,QXM,,
995,CI 1stAstUS Div50 Un,UXM,,
996,CI1stAstUSDv50UnhgUn,UXM.B,,
998,CI 1st AstUS MomntUn,YXM,,
999,CI 1st AstUSMmntUnhg,YXM.B,,
1001,CI 1stAstMornUSValUn,XXM,,
1002,CI1stAstMrnUS ValUhg,XXM.B,,
1004,CI 1st AstMSCI CA Un,RWC,,
1006,CI 1stAstMSCI CAQual,FQC,,
1008,CI 1stAst MSCI EU Un,RWE,,
1009,CI 1stAst EU UnhgUn,RWE.B,,
1011,CI 1st AstIntlRskWgt,RWX,,
1012,CI1st AstIntlRskUnHg,RWX.B,,
1014,CI 1stAstMSCI USA Un,RWU,,
1015,CI1stAstMSCI US Unhg,RWU.B,,
1017,CI 1stAstMSCI WrldUn,RWW,,
1018,CI1stAstMSCI WrlUnhg,RWW.B,,
1020,CI 1st Asst Pref Shr,FPR,,
1022,CI1stAsstST GovBndCl,FGB,,
1024,CI 1stAstTech Giants,TXF,,
1025,CI1stAstTecGiantUnHG,TXF.B,,
1027,CI 1stAstUS&CALifeco,FLI,,
1029,CI 1st AsstUS Buybac,FBU,,
1031,CI 1st AsstUSTacSect,FUT,,
1033,CI 1stAstUS TrnLeadr,SID,,
1035,CIBC ActvInvCorpBond,CACB,,
1037,CIBC ActvInvFltgBond,CAFR,,
1039,CIBC Multifac Cdn Eq,CMCE,,
1041,CIBC Multfactr US Eq,CMUE,,
1042,CIBC MltifactrUS HEG,CMUE.F,,
1044,CIBT Education Grp J,MBA,,
1046,Cineplex Inc.,CGX,,
1048,Cipher Pharma J,CPH,,
1050,Citadel Incm Fund Un,CTF.UN,,
1052,Clairvest Group Inc,CVG,,
1054,Clarke Inc.,CKI,,
1056,Clean TeQ Hldg J Ord,CLQ,,
1058,ClearStream Energy,CSM,,
1060,Clearwater Seafoods,CLR,,
1062,CNOOC Limited ADRs,CNU,,
1064,Co-operators Sr C Pr,CCS.PR.C,,
1066,Cogeco Commun Inc SV,CCA,,
1068,Cogeco Inc. SV,CGO,,
1070,CoinCap STOXX BRAIN,THNK,,
1072,CoinCap STOXX Blkchn,LDGR,,
1074,Colabor Group Inc.,GCL,,
1075,Colabor Grp 6% Deb,GCL.DB.A,,
1077,Colliers Intl Grp SV,CIGI,,
1079,Columbus Gold Corp J,CGT,,
1081,Cominar Real Est Un,CUF.UN,,
1083,Commerce Split Cap,YCM,,
1084,Commerce Split I Pr,YCM.PR.A,,
1085,Commerce Split II Pr,YCM.PR.B,,
1087,Computer Modelling J,CMG,,
1089,Condor Gold plc J,COG,,
1091,Condor Petroleum J,CPI,,
1093,Conifex Timber Inc.,CFF,,
1095,Constellation Softwr,CSU,,
1096,Constellation Deb 1,CSU.DB,,
1098,Continental Gold J,CNL,,
1100,Copper Mountain J,CMMC,,
1102,Corby Spirit&Wine A,CSW.A,,
1103,Corby Spirit&Wn B NV,CSW.B,,
1105,Core Cdn Dividend Un,CDD.UN,,
1107,Coro Mining Corp. J,COP,,
1109,Correvio Pharma Corp,CORV,,
1111,Corridor Resources,CDH,,
1113,Corus Entertnmnt B,CJR.B,,
1115,Corvus Gold Inc. J,KOR,,
1117,Cott Corporation,BCB,,
1119,CounterPath Corp. J,PATH,,
1121,CPI Card Group Inc.,PMTS,,
1123,Crescent Point Corp.,CPG,,
1125,Crescita Therpeutc J,CTX,,
1127,Crew Energy Inc.,CR,,
1129,CRH Medical Corp. J,CRH,,
1131,Crius Energy Tr Un,KWH.UN,,
1133,Crombie Real Est Un,CRR.UN,,
1135,Cronos Group Inc. J,CRON,,
1137,Crown Cap Partners J,CRWN,,
1138,Crown CapPart J 6%Db,CRWN.DB,,
1140,CT Rl Est Invest Un,CRT.UN,,
1142,CU Inc. Pr Ser 1,CIU.PR.A,,
1143,CU Inc. Pr Ser 4,CIU.PR.C,,
1145,Currency Exch Intl J,CXI,,
1147,Cymbria Corp Cl A NV,CYB,,
1149,D-Box Tech Inc. A J,DBO,,
1151,Data Commun Mgt,DCM,,
1153,Delphi Energy Corp.,DEE,,
1154,Delphi Energy 10% Nt,DEE.NT,,
1155,Delphi Energy Wt,DEE.WT,,
1157,Denison Mines Corp,DML,,
1159,Descartes Systems,DSG,,
1161,Desjardins 1-5yrCorp,DCC,,
1163,Desjardins 1-5yrGovt,DCG,,
1165,Desjardn AltLN/SH Eq,DANC,,
1167,DesjardinCaMltiCntrl,DFC,,
1169,Desjardins Cdn Pref,DCP,,
1171,Desjardins CdnST Bnd,DCS,,
1173,DesjardinCA UnivBnd,DCU,,
1175,DesjardinDevexUS xCA,DFD,,
1177,DesjardinEmrgMltFctr,DFE,,
1179,Desjardins RI CA Bnd,DRCU,,
1181,DesjardinsRI CA LwCO,DRMC,,
1183,DesjardinsRI CA Mlti,DRFC,,
1185,DesjardinsRI DevUSCA,DRFD,,
1187,DesjardnRI MktLowCo2,DRFE,,
1189,Desjardins RI GblETF,DRFG,,
1191,DesjardinsRI USLowCO,DRMU,,
1193,DesjardinsRI USAMult,DRFU,,
1195,DesjardinUSMultCntrl,DFU,,
1197,Detour Gold Corp J,DGC,,
1199,DHX Media Ltd Com&VV,DHX,,
1200,DHX Media 5.875% Deb,DHX.DB,,
1202,Difference Cap Fin J,DCF,,
1204,DIRTT Env Solution J,DRT,,
1206,Divers Rylty Corp.,DIV,,
1207,Diversif Rlty 5.25Db,DIV.DB,,
1209,Dividend 15 Splt A,DFN,,
1210,Dividend 15 Splt Pr,DFN.PR.A,,
1212,Dividend 15Split 2 A,DF,,
1213,Dividend 15Splt 2 Pr,DF.PR.A,,
1215,Div Growth Splt Cl A,DGS,,
1216,Div Growth Split Pr,DGS.PR.A,,
1218,Dividend Select 15Eq,DS,,
1220,Dollarama Inc.,DOL,,
1222,Domtar Corporation,UFS,,
1224,Dorel Ind Inc A MV,DII.A,,
1225,Dorel Ind Inc B SV,DII.B,,
1226,Dorel Ind 5.5% Db US,DII.DB.U,,
1228,Dream Global REIT Un,DRG.UN,,
1230,Dream Hrd AsetAlt Un,DRA.UN,,
1232,Dream Industrl REIT,DIR.UN,,
1234,Dream Office REIT Un,D.UN,,
1236,DREAM Unltd Cl A SV,DRM,,
1237,DREAM Unltd 1st Pr,DRM.PR.A,,
1239,Dundee Corp. Cl A SV,DC.A,,
1240,Dundee Corp. Pr 2,DC.PR.B,,
1241,Dundee Corp 1st Pr 3,DC.PR.D,,
1242,Dundee Corp Wt,DC.WT,,
1244,Dundee Precious Mtl,DPM,,
1246,DXI Energy Inc J,DXI,,
1248,Dynacor Gold Mines J,DNG,,
1250,Dynamic iShr CADivUn,DXC,,
1252,Dynamic iShrCrosBond,DXO,,
1254,Dynamic iShr GlblDiv,DXG,,
1256,Dynamic iShr GlbFin,DXF,,
1258,Dynamc iShr ActvFltg,DXV,,
1260,Dynamic iShr Pref Un,DXP,,
1262,Dynamic iShrActvTact,DXB,,
1264,Dynamic iShr US Div,DXU,,
1266,Dynamic iShrUSMidCap,DXZ,,
1268,E Split Corp. Cl A,ENS,,
1269,E Split Corp. Pr,ENS.PR.A,,
1271,E-L Financial Corp.,ELF,,
1272,E-L Financial 1st Pr,ELF.PR.F,,
1273,E-L Financl 4.75 Pr2,ELF.PR.G,,
1274,E-L Financl 5.5 Pr 3,ELF.PR.H,,
1276,Eagle Energy Inc. J,EGL,,
1278,East Coast InvGrd Un,ECF.UN,,
1280,Eastern Platinum J,ELR,,
1282,Eastmain Resources J,ER,,
1284,Echelon Fin Hldgs,EFH,,
1286,ECN Capital Corp.,ECN,,
1287,ECN Capital 6.50% Pr,ECN.PR.A,,
1288,ECN Capital 6.25% Pr,ECN.PR.C,,
1290,eCobalt Solutions J,ECS,,
1291,eCobalt Solutn J Wt,ECS.WT,,
1293,Economic Investment,EVT,,
1295,EcoSynthetix Inc. J,ECO,,
1297,Eldorado Gold Corp.,ELD,,
1299,Electrovaya Inc.,EFL,,
1301,Element Fleet Mgt,EFN,,
1302,Element Fleet5.125Db,EFN.DB,,
1303,Element Fleet 4.25Db,EFN.DB.A,,
1304,Element Flt 4.25B Db,EFN.DB.B,,
1305,Element Fleet Pr A,EFN.PR.A,,
1306,Element Fleet Pr C,EFN.PR.C,,
1307,Element Fleet Pr E,EFN.PR.E,,
1308,Element Fleet Pr G,EFN.PR.G,,
1309,Element Fleet Pr I,EFN.PR.I,,
1311,Emera Incorporated,EMA,,
1312,Emera Inc. Ser A Pr,EMA.PR.A,,
1313,Emera Inc. Ser B Pr,EMA.PR.B,,
1314,Emera Inc. Ser C Pr,EMA.PR.C,,
1315,Emera Inc. Ser E Pr,EMA.PR.E,,
1316,Emera Inc. Ser F Pr,EMA.PR.F,,
1317,Emera Inc. Ser H Pr,EMA.PR.H,,
1319,Empire Co Cl A NV,EMP.A,,
1321,Enbridge Inc.,ENB,,
1322,Enbridge Ser 9 Pr,ENB.PF.A,,
1323,Enbridge Ser 11 Pr,ENB.PF.C,,
1324,Enbridge Ser 13 Pr,ENB.PF.E,,
1325,Enbridge Ser 15 Pr,ENB.PF.G,,
1326,Enbridge Ser 17 Pr,ENB.PF.I,,
1327,Enbridge Ser 19 Pr,ENB.PF.K,,
1328,Enbridge Ser L US Pr,ENB.PF.U,,
1329,Enbridge Ser 5 US Pr,ENB.PF.V,,
1330,Enbridge 5.50% Pr,ENB.PR.A,,
1331,Enbridge Inc Sr B Pr,ENB.PR.B,,
1332,Enbridge Inc Sr C Pr,ENB.PR.C,,
1333,Enbridge Inc Sr D Pr,ENB.PR.D,,
1334,Enbridge Inc Sr F Pr,ENB.PR.F,,
1335,Enbridge Inc Sr H Pr,ENB.PR.H,,
1336,Enbridge Ser 7 Pr,ENB.PR.J,,
1337,Enbridge Inc Sr N Pr,ENB.PR.N,,
1338,Enbridge Inc Sr P Pr,ENB.PR.P,,
1339,Enbridge Inc Sr R Pr,ENB.PR.T,,
1340,Enbridge Sr J US Pr,ENB.PR.U,,
1341,Enbridge Ser 1 US Pr,ENB.PR.V,,
1342,Enbridge Ser 3 Pr,ENB.PR.Y,,
1344,EnCana Corporation,ECA,,
1346,Endeavour Mining Ord,EDV,,
1348,Endeavour Silver J,EDR,,
1350,Enerflex Ltd.,EFX,,
1352,Energy Fuels Inc. J,EFR,,
1353,Energy Fuels Deb J,EFR.DB,,
1354,Energy Fuels Wt J,EFR.WT,,
1356,Energy Income Fnd Un,ENI.UN,,
1358,Enerplus Corporation,ERF,,
1360,Enghouse Systems Ltd,ENGH,,
1362,Ensign Engy Services,ESI,,
1364,Enterprise Group Inc,E,,
1366,ENTREC Corporation,ENT,,
1367,ENTREC Corp. Deb,ENT.DB,,
1369,Entree Resources J,ETG,,
1371,Equitable Group Inc.,EQB,,
1372,Equitable Grp Pr 3,EQB.PR.C,,
1374,Erdene Res Dev J,ERD,,
1376,Ero Copper Corp. J,ERO,,
1378,Essential Energy Ltd,ESN,,
1380,Etrion Corporation J,ETX,,
1382,Euro Sun Mining J,ESM,,
1384,Euromax Resources J,EOX,,
1386,European FocusDiv Un,EF.UN,,
1388,Evertz Technologies,ET,,
1390,Evolve CA Pref UnHeg,DIVS,,
1392,EvolveActvGlbFxdIncm,EARN,,
1394,Evolve ShDurBond Heg,TIME,,
1395,Evolve ShDurBond Unh,TIME.B,,
1397,Evolve Actv USEq Heg,CAPS,,
1398,EvolveActvUS EqUnheg,CAPS.B,,
1399,EvolveActvUS$ Unhegd,CAPS.U,,
1401,Evolve AutoInnov Heg,CARS,,
1402,Evolve AutoInnovUnHg,CARS.B,,
1403,Evolve AutomobUnhgUS,CARS.U,,
1405,Evolve Cyber Sec Heg,CYBR,,
1406,Evolve CyberSecUnHg,CYBR.B,,
1407,EvolveCybrSec UnhgUS,CYBR.U,,
1409,Evolve E-Gaming HgUn,HERO,,
1411,Evolve GlbHlthYldHeg,LIFE,,
1412,EvolveGlbHealth Unhg,LIFE.B,,
1414,Evolve GlbMatMin Heg,BASE,,
1415,EvolveGlbMatMinUnheg,BASE.B,,
1417,Evolve Innovation Un,EDGE,,
1419,Evolve Marijuana Un,SEED,,
1421,Evolve NA Gender Heg,HERS,,
1422,Evolve NA GndrUn-Heg,HERS.B,,
1424,Evolve USBkEnhanc Hg,CALL,,
1425,Evolve USBkEnhYldUhg,CALL.B,,
1427,exactEarth Ltd. J,XCT,,
1429,Excellon Resources J,EXN,,
1431,Excelsior Mining J,MIN,,
1433,Exchange Income Corp,EIF,,
1434,Exchng Incm 5.25% Db,EIF.DB.H,,
1435,ExchngIncm 5y 5.25Db,EIF.DB.I,,
1436,Exchnge Incm J Deb,EIF.DB.J,,
1437,Exchange Incm 5.75Db,EIF.DB.K,,
1439,Exco Technologies,XTC,,
1441,Exemplar GrwthIncmUn,EGIF,,
1443,Exemplar Invst SerUn,CORP,,
1445,EXFO Inc. SV,EXF,,
1447,Extendicare Inc.,EXE,,
1448,Extendicare 5% Deb,EXE.DB.C,,
1450,Fairfax Africa SV US,FAH.U,,
1452,Fairfax Financial SV,FFH,,
1453,Fairfax Fin Ser C Pr,FFH.PR.C,,
1454,Fairfax Fin Ser D Pr,FFH.PR.D,,
1455,Fairfax Fin Ser E Pr,FFH.PR.E,,
1456,Fairfax Fin Ser F Pr,FFH.PR.F,,
1457,Fairfax Fin Ser G Pr,FFH.PR.G,,
1458,Fairfax Fin Ser H Pr,FFH.PR.H,,
1459,Fairfax Fin Ser I Pr,FFH.PR.I,,
1460,Fairfax Fin Ser J Pr,FFH.PR.J,,
1461,Fairfax Fin Ser K Pr,FFH.PR.K,,
1462,Fairfax Fin Ser M Pr,FFH.PR.M,,
1463,Fairfax Fin SV USF,FFH.U,,
1465,Fairfax India SV USF,FIH.U,,
1467,Fennec Pharmaceut J,FRX,,
1469,Fidelity Cdn Div L,FCCD,,
1471,FidelityCdnHiQual L,FCCQ,,
1473,Fidelity CdnLwVol L,FCCL,,
1475,Fidelity Int'l Div L,FCID,,
1477,Fidelity IntlHiQual,FCIQ,,
1479,Fidelity IntlLwVol L,FCIL,,
1481,Fidelity US DivCur L,FCRH,,
1483,Fidelity US DivRtIdx,FCRR,,
1485,Fidelity US DivCur L,FCUH,,
1487,Fidelity US DivIdx L,FCUD,,
1489,FidelityUS HiCurNatr,FCQH,,
1491,FidelityUS HiQual L,FCUQ,,
1493,FidelityUS LowVolCur,FCLH,,
1495,Fidelity USlowVol Un,FCUL,,
1497,Fiera Capital A SV,FSZ,,
1498,Fiera Capital 5% Deb,FSZ.DB,,
1500,Financial 15 Splt A,FTN,,
1501,Financial 15 Splt Pr,FTN.PR.A,,
1503,Finning Int'l Inc.,FTT,,
1505,Firan Tech Grp Corp.,FTG,,
1507,Firm Cap Mtg Invest,FC,,
1508,Firm Cap Mtg 4.75 Db,FC.DB.D,,
1509,Firm Cap Mtg 5.3% Db,FC.DB.E,,
1510,Firm Cap Mtg 5.5% Db,FC.DB.F,,
1511,Firm Cap Mtg 5.2% Db,FC.DB.G,,
1512,Firm Cap Mtg 5.3% Db,FC.DB.H,,
1513,Firm Cap Mtg 5.4% Db,FC.DB.I,,
1514,Firm Cap Mtg 5.5% Db,FC.DB.J,,
1516,First Capital Realty,FCR,,
1517,First Cap Rlty Rec,FCR.IR,,
1519,First Majestic J,FR,,
1521,First Mining Gold J,FF,,
1523,First Nat'l Fin Corp,FN,,
1524,1st Natl Fin Sr 1 Pr,FN.PR.A,,
1525,1st Natl Fin Sr 2 Pr,FN.PR.B,,
1527,First Quantum Mnrl J,FM,,
1529,1st Tr AlphEmrgMktUn,FDE,,
1530,1st Tr AlphEmrgMktAd,FDE.A,,
1532,1st TrAlphDEX EU Div,EUR,,
1533,1st TrAlphDX EUDivAd,EUR.A,,
1535,1stTr AlpDEX US Dscr,FHD,,
1537,1stTr AlpDEX US Stpl,FHC,,
1538,1stTr AlpDEX USStpHg,FHC.F,,
1540,1stTrAlphDEX US Engy,FHE,,
1542,1stTr AlphDEX US Fin,FHF,,
1544,1stTr AlpDEX US Hlth,FHH,,
1545,1stTr AlpDXUSHlth Hg,FHH.F,,
1547,1stTr AlphDEX US Ind,FHG,,
1548,1stTr AlphDEX US Heg,FHG.F,,
1550,1stTr AlpDEX US Mtrl,FHM,,
1552,1stTr AlpDEX US Tech,FHQ,,
1553,1stTr AlpDEXUSTechHg,FHQ.F,,
1555,1stTr AlpDEX US Util,FHU,,
1557,1st Tr CdnCapStrngUn,FST,,
1558,1st Tr CdnCapStrngAd,FST.A,,
1560,1st Tr DrsyWrgtUSRot,FSR,,
1562,1st Tr Glb RskMngeUn,ETP,,
1563,1st Tr Glb RskMngeAd,ETP.A,,
1565,1st TrIdx InnovTrans,BLCK,,
1567,1st TrIntlCapStrngth,FINT,,
1569,1st Tr SnrLoan Cad-H,FSL,,
1570,1st Tr SnrLoanC-H Ad,FSL.A,,
1572,1st Tr ShDurHiYld Un,FSD,,
1573,1st Tr ShDurHiYld Ad,FSD.A,,
1575,1st Tr TacticlBnd Un,FTB,,
1577,1st Tr ValLnDivCA-Hg,FUD,,
1578,1st TrValLnDiCA-HgAd,FUD.A,,
1580,FirstService Corp.,FSV,,
1582,Fission Uranium J,FCU,,
1584,Flaherty&CrumPref Un,FFI.UN,,
1586,Foraco Int'l SA,FAR,,
1588,Forsys Metals Corp J,FSY,,
1590,Fortis Inc.,FTS,,
1591,Fortis Inc. 1st Pr F,FTS.PR.F,,
1592,Fortis Inc. 1st Pr G,FTS.PR.G,,
1593,Fortis Inc. 1st Pr H,FTS.PR.H,,
1594,Fortis Inc.1st Pr I,FTS.PR.I,,
1595,Fortis Inc. 1st Pr J,FTS.PR.J,,
1596,Fortis Inc. 1st Pr K,FTS.PR.K,,
1597,Fortis Inc. 1st Pr M,FTS.PR.M,,
1599,Fortress Global Cl A,FGE,,
1600,Frtrss Glbl 9.75% Db,FGE.DB.A,,
1602,Fortuna Silver Mines,FVI,,
1604,Fortune Minerals J,FT,,
1606,Franco-Nevada Corp.,FNV,,
1608,Franklin CA AllCap,FLCD,,
1610,Franklin FTSE EuroUK,FLUR,,
1612,Franklin FTSE Japan,FLJA,,
1614,Franklin FTSE US Idx,FLAM,,
1616,Franklin LibCAInvGrd,FLCI,,
1618,Franklin Lbty Core,FLBA,,
1620,Franklin Lib Glb Bnd,FLGA,,
1622,Franklin LibRskCA Eq,FLRM,,
1624,FranklinLibSrLoanC-H,FLSL,,
1626,FranklinLibUS InvGrd,FLUI,,
1628,Franklin LbtyQT Emrg,FLEM,,
1630,Franklin LbtyQT Glob,FLGD,,
1632,Franklin LibQTIntlEq,FLDM,,
1634,Franklin LibQT US Eq,FLUS,,
1636,Freegold Ventures J,FVL,,
1638,Freehold Royalties,FRU,,
1640,Freshii Inc. Cl A SV,FRII,,
1642,Frontera Energy Corp,FEC,,
1644,Gamehost Inc.,GH,,
1646,GDI Integrated SV J,GDI,,
1647,GDI Integrated 5%Deb,GDI.DB,,
1649,Gear Energy Ltd.,GXE,,
1651,GeneNews Limited J,GEN,,
1653,"General Moly, Inc.",GMO,,
1655,Genesis Land Dev,GDC,,
1657,Genworth MI Canada,MIC,,
1659,Geodrill Limited Ord,GEO,,
1661,Weston George,WN,,
1662,Weston George 1 Pr,WN.PR.A,,
1663,Weston George III Pr,WN.PR.C,,
1664,Weston George IV Pr,WN.PR.D,,
1665,Weston George V Pr,WN.PR.E,,
1667,Gibson Energy Inc,GEI,,
1668,Gibson Energy Inc Db,GEI.DB,,
1670,Gildan Activewear,GIL,,
1672,Glacier Media Inc. J,GVC,,
1674,GLG Life Tech Corp J,GLG,,
1676,Global Atomic Corp J,GLO,,
1678,Glbl Div Growers Un,GDG.UN,,
1680,Glbl Div GrowSplit A,GDV,,
1681,Glbl DivGrowSplit Pr,GDV.PR.A,,
1683,Glbl Innovation Div,BL.UN,,
1685,Glbl RlEst E-Commerc,GEC.UN,,
1687,Global Tel & Util Un,HGI.UN,,
1689,Global Water Res,GWR,,
1691,Globex Mining Ent J,GMX,,
1693,GMP Capital Inc.,GMP,,
1694,GMP Capital Ser B Pr,GMP.PR.B,,
1695,GMP Capital Ser C Pr,GMP.PR.C,,
1697,goeasy Ltd.,GSY,,
1698,goeasy Ltd 5.75% Deb,GSY.DB,,
1700,GoGold Resources J,GGD,,
1702,Gold Stand Venture J,GSV,,
1704,Golden Minerals J,AUMN,,
1706,Golden Queen Mng J,GQM,,
1707,Golden QueenMng Wt J,GQM.WT,,
1709,Golden Star Resource,GSC,,
1711,Goldgroup Mining J,GGA,,
1713,Goldmining Inc. J,GOLD,,
1715,GoldMoney Inc.,XAU,,
1717,Goodfellow Inc.,GDL,,
1719,Goodfood Market J,FOOD,,
1721,Gran Colombia Gold,GCM,,
1722,Gran Colombia Nt USF,GCM.NT.U,,
1723,Gran Colombia B Wt,GCM.WT.B,,
1725,Gran Tierra Energy J,GTE,,
1727,Granite Oil Corp. J,GXO,,
1729,Granite Rl Est Tr Un,GRT.UN,,
1731,Great Cdn Gaming,GC,,
1733,Gt Panther Mining J,GPR,,
1735,Great-West Lifeco,GWO,,
1736,Gt-West Lifeco Pr F,GWO.PR.F,,
1737,Gt-West Lifeco Pr G,GWO.PR.G,,
1738,Gt-West Lifeco Pr H,GWO.PR.H,,
1739,Gt-West Lifeco Pr I,GWO.PR.I,,
1740,Gt-West Lifeco Pr L,GWO.PR.L,,
1741,Gt-West Lifeco Pr M,GWO.PR.M,,
1742,Gt-West Lifeco Pr N,GWO.PR.N,,
1743,Gt-West Lifeco Pr O,GWO.PR.O,,
1744,Gt-West Lifeco Pr P,GWO.PR.P,,
1745,Gt-West Lifeco Pr Q,GWO.PR.Q,,
1746,Gt-West Lifeco Pr R,GWO.PR.R,,
1747,Gt-West Lifeco Pr S,GWO.PR.S,,
1748,Gt-West Lifeco Pr T,GWO.PR.T,,
1750,Greenbrook TMS Inc J,GTMS,,
1752,Guardian Capital,GCG,,
1753,Guardian Cap Cl A NV,GCG.A,,
1755,Guyana Goldfields J,GUY,,
1757,GVIC Commun Cl B,GCT,,
1758,GVIC Commun Cl C NV,GCT.C,,
1760,H&R Real Estate Un,HR.UN,,
1762,Hamilton AustrlFin E,HFA,,
1764,Hamilton CapCdn Bk E,HCB,,
1766,Hamilton CapGlb Bk E,HBG,,
1767,Hamilton CapGlbBk US,HBG.U,,
1769,Hamilton CapGlbFin E,HFY,,
1770,Hamilton CapGlbFinUS,HFY.U,,
1772,Hamilton CapFin E Un,HFMU,,
1773,Hamilton CapFin US E,HFMU.U,,
1775,Hammond Mfg Cl A SV,HMM.A,,
1777,Hammond Power A SV,HPS.A,,
1779,Hanwei Energy Serv,HE,,
1781,Hardwoods Dist Inc.,HDI,,
1783,Harte Gold Corp. J,HRT,,
1785,Harvest Bk&Bldg A Un,HCBB,,
1787,HarvestBrndLdr+ A Un,HBF,,
1788,HarvestBrndLdr+US Un,HBF.U,,
1790,HarvestEnergyLdr+ Un,HPF,,
1791,HarvestEnergyLdr+ US,HPF.U,,
1793,Harvest Eq Wght Util,HUTL,,
1795,Harvest Glb GldGiant,HGGG,,
1797,HarvestGlblREITLdr A,HGR,,
1799,Harvest Glb Res A Un,HRES,,
1801,Harvest HlthcrLdr Un,HHL,,
1802,HarvestHealthcare US,HHL.U,,
1804,HarvestTechAchvGrw A,HTA,,
1805,HarvestTechAchGrowUS,HTA.U,,
1807,Harvest US BkLeadrUn,HUBL,,
1808,Harvest USBkLeadr US,HUBL.U,,
1810,HarvestUS Eqty+ A Un,HUL,,
1811,HarvestUS Eq+ Un USF,HUL.U,,
1813,Healthcare SpecOp Un,MDS.UN,,
1815,Helius Med Tech A J,HSM,,
1817,Helix BioPharma,HBP,,
1819,Heroux-Devtek Inc.,HRX,,
1821,HEXO Corp.,HEXO,,
1822,HEXO Corp. Wt,HEXO.WT,,
1824,High Arctic Engy Inc,HWO,,
1826,High Liner Foods Inc,HLF,,
1828,HLS Therapeutics J,HLS,,
1830,Holloway Lodge Crp J,HLC,,
1831,Holloway 6.25 Db B J,HLC.DB,,
1833,Home Capital Group,HCG,,
1835,Horizon Nth Logstc J,HNL,,
1837,Horizons GlbCurrency,HARC,,
1839,Horizons AI GlblEq A,MIND,,
1841,Horizon ActvCdnBndUn,HAD,,
1843,Horizons Cdn Div E,HAL,,
1845,Horizn ActCdnMunBd E,HMP,,
1847,Horizon CorpBnd E Un,HAB,,
1849,Horizons ActvEmrgBnd,HEMB,,
1851,Horizon ActvEmrgDvUn,HAJ,,
1853,Horizon FltgRtBnd Un,HFR,,
1855,Horizn ActFltgPref E,HFP,,
1857,Horizn ActvFltLoan E,HSL,,
1859,Horizon GlblDiv E Un,HAZ,,
1861,Horizon ActiveGlbl E,HAF,,
1863,Horizon HighYldBnd E,HYI,,
1865,Horizon Pref Cl E Un,HPR,,
1867,Horizons ActvUSDiv E,HAU,,
1868,Horizons ActvUSDivUS,HAU.U,,
1870,Horizons USFltgBndCA,HUF,,
1871,Horizons USFltgBndUS,HUF.U,,
1873,Horizons Bal TRI A,HBAL,,
1875,HoriznBlchTecHrdwr A,BKCH,,
1876,HoriznBlchTecHrdwrUS,BKCH.U,,
1878,Horizn CdnDolr Cur A,CAN,,
1880,Horizn CdnMdStream A,HOG,,
1882,Horizons Cdn HiDiv A,HXH,,
1884,Horizon Cdn Insdr Un,HII,,
1886,Horizon Cdn SlctUniv,HBB,,
1888,Horizn China DivA Un,HCN,,
1890,Horizons ConservTRI,HCON,,
1892,Horizons CrudeOil Un,HUC,,
1894,Horizons Incm Engy E,HEE,,
1896,Horizon Incm Eq E Un,HEX,,
1898,Horizons Incm Fin E,HEF,,
1900,Horizons Gold Prod E,HEP,,
1902,Horizons Intl Eqty E,HEJ,,
1904,Horizon IncmEq CAD E,HEA,,
1905,Horizon IncmEq USD E,HEA.U,,
1907,Horizons EqlCdaBnk A,HEWB,,
1909,HorizonsEqlCdaREIT A,HCRE,,
1911,Horizn EURO STOX50 A,HXX,,
1913,Horizons GlbRskPar E,HRA,,
1915,Horizon GlbSustLdr A,ETHI,,
1917,Horizon GlbUranium A,HURA,,
1919,Horizons Gold A Un,HUG,,
1921,Horizons GldYld E Un,HGY,,
1923,Horizons Indust A Un,FOUR,,
1925,Horizon InovestCdnEq,INOC,,
1927,Horizons IntlMkts Eq,HXDM,,
1928,Horizons IntlMktEqUS,HXDM.U,,
1930,Horizn LadrdCA Pr Un,HLPR,,
1932,Horizn MgeGlb Opp E,HGM,,
1934,Horizons Marij Lfe A,HMMJ,,
1935,Horizons Marij US,HMMJ.U,,
1937,Horizon MornstrHdg E,HHF,,
1939,Horizon NASDAQ-100 A,HXQ,,
1940,Horizon NASDAQ100 US,HXQ.U,,
1942,Horizons NatrlGas Un,HUN,,
1944,Horizons NatGasYld E,HNY,,
1946,Horizons Robotc&Auto,RBOT,,
1947,Horizon Robot&Aut US,RBOT.U,,
1949,Horizn S&P500CA Hegd,HSH,,
1951,Horizons S&P500 Un,HXS,,
1952,Horizon S&P500 US Un,HXS.U,,
1954,Horizons 60EqlWgt Un,HEW,,
1956,Horizon S&P/TSX60 A,HXT,,
1957,Horizon S&P/TSX60 US,HXT.U,,
1959,Horizn S&PCapEngyIdx,HXE,,
1961,Horizn S&PCapFin Idx,HXF,,
1963,Horizon Seasonl E Un,HAC,,
1965,Horizons Silver A Un,HUZ,,
1967,Horizn US7-10YrTreas,HTH,,
1969,Horizn US7-10TreasBd,HTB,,
1970,HoriznUS7-10TreaBdUS,HTB.U,,
1972,Horizon US$ Cur A Un,DLR,,
1973,Horizon US$Cur A USF,DLR.U,,
1975,Horizonte Min Ord J,HZM,,
1977,Hudbay Minerals Inc.,HBM,,
1979,Hudson's Bay Company,HBC,,
1981,Husky Energy Inc.,HSE,,
1982,Husky Energy Sr 1 Pr,HSE.PR.A,,
1983,Husky Energy Sr 2 Pr,HSE.PR.B,,
1984,Husky Energy Sr 3 Pr,HSE.PR.C,,
1985,Husky Energy Sr 5 Pr,HSE.PR.E,,
1986,Husky Energy Sr 7 Pr,HSE.PR.G,,
1988,Hydro One Limited,H,,
1990,Hydrogenics Corp,HYG,,
1992,Hyduke Energy Serv,HYD,,
1994,IA Claring Core Fnd,ICPB,,
1996,IA Claring Emerg Fnd,IEMB,,
1998,IA Claring Glbl Fnd,IGLB,,
2000,iA Financial Corp.,IAG,,
2002,Iamgold Corporation,IMG,,
2004,IBI Group Inc.,IBG,,
2005,IBI GROUP 5.5% Deb,IBG.DB.D,,
2007,iFabric Corp. J,IFA,,
2009,IGM Financial Inc.,IGM,,
2011,Imperial Metals Corp,III,,
2013,Imperial Oil Ltd.,IMO,,
2015,IMV Inc. J,IMV,,
2017,Income Fin Tr Un,INC.UN,,
2019,Indigo Books & Music,IDG,,
2021,Indstrl AlliancePr B,IAF.PR.B,,
2022,Indstrl AlliancePr G,IAF.PR.G,,
2023,Indstrl AlliancePr I,IAF.PR.I,,
2025,Info Serv Corp. A LV,ISV,,
2027,InMed Pharmaceutcl J,IN,,
2028,InMed Pharmaceu J Wt,IN.WT,,
2030,Innergex Renew Engy,INE,,
2031,Innergex Renew4.25Db,INE.DB.A,,
2032,Innergex Renew4.75Db,INE.DB.B,,
2033,Innergex Renew Pr A,INE.PR.A,,
2034,Innergex Renew Pr C,INE.PR.C,,
2036,Inovalis REIT Un,INO.UN,,
2038,InPlay Oil Corp. J,IPO,,
2040,INSCAPE Corp Cl B SV,INQ,,
2042,Intact Fin Corp.,IFC,,
2043,Intact Fin A Ser 1,IFC.PR.A,,
2044,Intact Fin A Ser 3,IFC.PR.C,,
2045,Intact Fin A Ser 4,IFC.PR.D,,
2046,Intact Fin A Ser 5,IFC.PR.E,,
2047,Intact Fin A Sr 6 Pr,IFC.PR.F,,
2048,Intact Fin A Sr 7 Pr,IFC.PR.G,,
2050,Integrated Asset Mgt,IAM,,
2052,IntelliPharma Intl J,IPCI,,
2054,Inter Pipeline Ltd.,IPL,,
2056,Interfor Corporation,IFP,,
2058,Intermap Technology,IMP,,
2060,Int'l Pete Corp.,IPCO,,
2062,Int'l Tower Hill J,ITH,,
2064,InterRent REIT Un J,IIP.UN,,
2066,Intertape Polymer,ITP,,
2068,Intrinsyc Tech J,ITC,,
2070,INV Metals Inc. J,INV,,
2072,Invesco 1-3YrLadFltg,PFL,,
2074,Invesco1-5CorpBnd Un,PSB,,
2076,Invesco Cdn Div Un,PDC,,
2078,Invesco Cdn Pr Un,PPS,,
2080,Invesco FTSE RAFICdn,PXC,,
2082,InvscoFTSE CA Sml-Md,PZC,,
2084,Invesc FTSERAF GlbCA,PZW,,
2085,Invesco FTSE Sml-Md,PZW.F,,
2086,InvescoFTSERAF GlbUS,PZW.U,,
2088,Invesco FTSE Glb+ETF,PXG,,
2089,Invesco FTSE Glb+ US,PXG.U,,
2091,InvescoFTSE US CA-Hg,PXU.F,,
2093,InvescFTSE USFnd2 CA,PXS,,
2094,Invesco FTSE ETF2 US,PXS.U,,
2096,Invesco CorpBndCA$Hg,PFH.F,,
2098,Invesco GlbShrhldrCA,PSY,,
2099,Invesco GlbShrhldrUS,PSY.U,,
2101,InvescoLddrRtUS0-5Yr,USB,,
2102,InvescoLddrRtO-5YrUS,USB.U,,
2104,Invesco LowVolPortfl,PLV,,
2106,Invesco QQQ CA$Hg,QQC.F,,
2108,Invesco S&P500 EqWgt,EQL,,
2109,Invesco S&P500EqCA-H,EQL.F,,
2110,Invesco S&P500Eq USF,EQL.U,,
2112,Invesco 500LowVol CA,ULV.C,,
2113,Invesco500LowVolCAHg,ULV.F,,
2114,Invesco 500LowVol US,ULV.U,,
2116,Invesco S&P EmrgMkts,ELV,,
2118,InvescoS&PIntl LwVol,ILV,,
2119,InvescoS&PIntlLwVlCA,ILV.F,,
2121,InvescoCompVltlty Un,TLV,,
2123,Invesco REIT Incm CA,REIT,,
2125,Invesco SeniorLoanCA,BKL.C,,
2126,Invesco SnrLoanCAheg,BKL.F,,
2127,Invesco SeniorLoanUS,BKL.U,,
2129,Invesco TactBond Un,PTB,,
2131,Invesque 5% Deb USF,IVQ.DB.U,,
2132,Invesque 6% Deb USF,IVQ.DB.V,,
2133,Invesque Inc. USF,IVQ.U,,
2135,Invest GrdInfrBnd Un,IFB.UN,,
2137,IPL Plastics Inc.,IPLP,,
2139,iShre 1-10CorpBnd Un,CBH,,
2141,iShre 1-10GovtBnd Un,CLG,,
2143,iShre 1-5 CorpBnd Un,CBO,,
2145,iShre 1-5 GovtBnd Un,CLF,,
2147,iShares Cdn Corp Bnd,XCB,,
2149,iShares CdnFinMo Un,FIE,,
2151,iShares Cdn Govt Bnd,XGB,,
2153,iShares Cdn Growth,XCG,,
2155,iShare Cdn HYBrd Bnd,XHB,,
2157,iShare Cdn RlRet Bnd,XRB,,
2159,iShares Cdn Slct Div,XDV,,
2161,iShares Cdn Value Un,XCV,,
2163,iShares China Index,XCH,,
2165,iShr Consv ShStgyFxd,XSC,,
2167,iShr Consv Stgy Incm,XSE,,
2169,iShares ConvBond Un,CVD,,
2171,iShares CoreBal Un,XBAL,,
2173,iShr CoreCdnLT BndUn,XLB,,
2175,iShre Cdn Sh Trm Bnd,XSB,,
2177,iShr CoreCdnShMplBnd,XSH,,
2179,iShr Cdn Univers Bnd,XBB,,
2181,iShares Core Grow Un,XGRO,,
2183,iShr CoreMSCI AC Wex,XAW,,
2185,iShare CorMSCICdnDiv,XDIV,,
2187,iShr CorMSCIEAFE IMI,XEF,,
2189,iShrCrMSCI EAFEIMIHG,XFH,,
2191,iShr Core EmrgMktIMI,XEC,,
2193,iShr CorMSCI GlblDiv,XDG,,
2195,iShr CorGlbDivCA-Heg,XDGH,,
2197,iShr CoreMSCI US Div,XDU,,
2199,iShrCorUS DivCADHg,XDUH,,
2201,iShares CoreSP500Idx,XUS,,
2203,iShares Core S&P 500,XSP,,
2205,iShr CorS&P US MktUn,XUU,,
2207,iShre CoreS&P US Mkt,XUH,,
2209,iShr CoreSP/TSX Comp,XIC,,
2211,iShare Divrs Mo Incm,XTR,,
2213,iShr MSCI MinVolCda,XMV,,
2215,iShare MSCIMinVlEAFE,XMI,,
2217,iShr EgMinVlEAFE C-H,XML,,
2219,iShr MinVol EmrgMkt,XMM,,
2221,iShr MSCI MinVolGlbl,XMW,,
2223,iShr EgMinVolGlb C-H,XMY,,
2225,iShr MSCI MinVol USA,XMU,,
2227,iShr EgMinVl USA C-H,XMS,,
2229,iShr MSCIMultfactrCA,XFC,,
2231,iShr MSCIMultfacEAFE,XFI,,
2233,iShr MSCI EAFE CA-HG,XFF,,
2235,iShrMSCIMultiftr USA,XFS,,
2237,iShrMSCIMultiUSA C-H,XFA,,
2239,iShares EqWeight Un,CEW,,
2241,iShr ESG CA AggrBnd,XSAB,,
2243,iShr ESG Cdn ST Bond,XSTB,,
2245,iShr ESG MSCI CdaIdx,XESG,,
2247,iShrESG MSCI EAFEIDX,XSEA,,
2249,iShrESG MSCI EmrgMkt,XSEM,,
2251,iShrESG MSCI USA Idx,XSUS,,
2253,iShares Fltg Rate Un,XFR,,
2255,iShares GlblAgri Un,COW,,
2257,iShare Glbl Hlthcare,XHC,,
2259,iShares GlbInfras Un,CIF,,
2261,iShares GlblMoDiv Un,CYH,,
2263,iShares GlblRlEst Un,CGR,,
2265,iShares GlblWater Un,CWW,,
2267,iShare GldBulHdgd Un,CGL,,
2268,iShare GldBul Nn-Hdg,CGL.C,,
2270,iShare HighCdnBnd Un,XQB,,
2272,iShares India Idx Un,XID,,
2274,iShr JP USD Emrg Mkt,XEB,,
2276,iShare Jantzi Social,XEN,,
2278,iShare MSCI EAFE Idx,XIN,,
2280,iShare MSCI EmergMkt,XEM,,
2282,iShr MSCI EU IMI Idx,XEU,,
2284,iShr MSCI EU IMI CAD,XEH,,
2286,iShare MSCI World Un,XWD,,
2288,iShare NASDAQ 100 Un,XQQ,,
2290,iShares MoneyMkt Un,CMR,,
2292,iShare S&P CnsmrDscr,XCD,,
2294,iShr SP Glbl Indstrl,XGI,,
2296,iShr S&P US MidCapUn,XMC,,
2298,iShr S&P USMdCpCADHG,XMH,,
2300,iShares S&P/TSX60 Un,XIU,,
2302,iShr CdnDivAristo Un,CDZ,,
2304,iShares CdnPref Un,CPD,,
2306,iShares Consumr Stpl,XST,,
2308,iShares S&P/TSX Engy,XEG,,
2310,iShares S&P/TSX Fins,XFN,,
2312,iShares S&P/TSX Tech,XIT,,
2314,iShare S&P/TSX Matrl,XMA,,
2316,iShares S&P/TSX REIT,XRE,,
2318,iShares S&P/TSX Util,XUT,,
2320,iShr S&P/TSX Cmpletn,XMD,,
2322,iShr S&P/TSX HiDivUn,XEI,,
2324,iShr SP/TSXGblBseMtl,XBM,,
2326,iShares S&P/TSX Gold,XGD,,
2328,iShr S&PTSX NA PrStk,XPF,,
2330,IShare SP/TSX SmlCap,XCS,,
2332,iShr ShDuratn HighUn,CSD,,
2334,iShares ST CdnBnd Un,XSQ,,
2336,iShr ST StratgFxd Un,XSI,,
2338,iShr Sil Bul Hdgd Un,SVR,,
2339,iShr Sil Bul Nn-Hdgd,SVR.C,,
2341,iShr US HiDiv EqtyUn,XHU,,
2343,iShare US HighDiv Eq,XHD,,
2345,iShares US HiYld Bnd,XHY,,
2347,iShr US HiYldIncm Un,CHB,,
2349,iShare US IG CorpBnd,XIG,,
2351,iShares US Small Cap,XSU,,
2353,iShare US DivGrow Un,CUD,,
2355,Ivanhoe Mines Cl A J,IVN,,
2357,Jaguar Mining Inc. J,JAG,,
2359,Jamieson Wellness,JWEL,,
2361,JFT Strategies A Un,JFS.UN,,
2363,Journey Energy Inc.,JOY,,
2365,June 2020CorpBnd 'T',CBT.UN,,
2367,Just Energy Group,JE,,
2368,Just Engy Grp 6.75Db,JE.DB.C,,
2369,Just Energy 6.75 Deb,JE.DB.D,,
2370,Just Energy 8.5Pr US,JE.PR.U,,
2372,K-Bro Linen Inc.,KBL,,
2374,Karnalyte Res J,KRN,,
2376,Katanga Mining Ltd.,KAT,,
2378,Keg Royalties Fnd Un,KEG.UN,,
2380,Kelso Technologies,KLS,,
2382,Kelt Expl Ltd. J,KEL,,
2383,Kelt Expl 5% Deb J,KEL.DB,,
2385,Kerr Mines Inc. J,KER,,
2387,Kew Media VV & Com,KEW,,
2388,Kew Media Group Wt,KEW.WT,,
2390,Keyera Corp.,KEY,,
2392,Killam Apt REIT Un J,KMP.UN,,
2394,Kinaxis Inc. J,KXS,,
2396,Kinder Morgan Cda RV,KML,,
2397,Kinder Morgan Sr1 Pr,KML.PR.A,,
2398,Kinder Morgan Sr3 Pr,KML.PR.C,,
2400,Kinross Gold Corp.,K,,
2402,Kirkland Lake Gold J,KL,,
2404,Knight Therapeutics,GUD,,
2406,KP Tissue Inc.,KPT,,
2408,Labrador Iron Ore,LIF,,
2410,Laramide Resources J,LAM,,
2412,Largo Resources J,LGO,,
2414,Lassonde Ind Cl A SV,LAS.A,,
2416,Laurentian Bk of Can,LB,,
2417,Laurentian Bk Pr 13,LB.PR.H,,
2418,Laurentian Bk Pr 15,LB.PR.J,,
2420,Leagold Mng Corp. J,LMC,,
2422,Leon's Furniture Ltd,LNF,,
2423,Leon's Furniture Db,LNF.DB,,
2425,Levon Resources J,LVN,,
2427,Liberty Gold Corp. J,LGD,,
2429,Life & Banc Split A,LBS,,
2430,Life & Banc Split Pr,LBS.PR.A,,
2432,Lightspeed POS SV,LSPD,,
2434,Linamar Corporation,LNR,,
2436,Lithium Americas J,LAC,,
2438,Loblaw Companies Ltd,L,,
2439,Loblaw Co. Ser B Pr,L.PR.B,,
2441,Logistec Corp. A MV,LGT.A,,
2442,Logistec Corp Cl B,LGT.B,,
2444,Loncor Resources J,LN,,
2446,Low Voltlty US Eq Un,LVU.UN,,
2448,Lucara Diamond J,LUC,,
2450,Lundin Gold Inc. J,LUG,,
2452,Lundin Mining Corp,LUN,,
2454,"LXRandCo, Inc. J B",LXR,,
2455,"LXRandCo, Inc. J Wt",LXR.WT,,
2457,Lydian Int'l Ord J,LYD,,
2459,Lysander-SlatrPrActv,PR,,
2461,M Split Corp. 14 Cap,XMF.A,,
2462,M Split Corp Cl 1 Pr,XMF.PR.B,,
2463,M Split Corp 14-2 Pr,XMF.PR.C,,
2465,Mackenzie CdnAggrBnd,QBB,,
2467,Mackenzie Cdn EqtyUn,QCN,,
2469,Mackenzie CdnLrgCpEq,QCE,,
2471,MackenzieCA FixdIncm,MCSB,,
2473,Mackenzie CdnSTBndE,QSB,,
2475,Mackenzie CAFxIncm E,MKB,,
2477,Mackenzie GlbFxIncmE,MGB,,
2479,Mackenzie FltgRate E,MFT,,
2481,Mackenzie IntlEq Idx,QDX,,
2483,Mackenzie IntlEq C-H,QDXH,,
2485,Mackenzie IvyGlbEq E,MIVG,,
2487,MacKenzie Master Un,MKZ.UN,,
2489,Mackenzie AlWrl NA E,MXU,,
2491,MackenzieMaxDvr AW E,MWD,,
2493,Mackenzie MaxDvrCA E,MKC,,
2495,MackenzieMaxDvrEur E,MEU,,
2497,Mackenzie EmrgMkts E,MEE,,
2499,Mackenzie MaxDvrUS E,MUS,,
2501,Mackenzie PortflComp,MPCF,,
2503,Mackenzie Uncnstrn E,MUB,,
2505,Mackenzie USBndCAD-H,QHY,,
2507,Mackenzie USCrpBnd E,QUIG,,
2509,Mackenzie USLrgCapEq,QUU,,
2511,MackenzieUS LrgCapCH,QAH,,
2513,Madison Pacific Cl B,MPC,,
2514,Madison Pacific NV C,MPC.C,,
2516,MAG Silver Corp. J,MAG,,
2518,Magellan Aerospace,MAL,,
2520,Magna Int'l Inc.,MG,,
2522,Mainstreet Equity J,MEQ,,
2524,Major Drilling Group,MDI,,
2526,Mandalay Res Corp J,MND,,
2528,Manulife Financial,MFC,,
2529,Manulife Fin Sr 2 Pr,MFC.PR.B,,
2530,Manulife Fin A Pr 3,MFC.PR.C,,
2531,Manulife Fin Sr 3 Pr,MFC.PR.F,,
2532,Manulife Fin Sr 5 Pr,MFC.PR.G,,
2533,Manulife Fin Sr 7 Pr,MFC.PR.H,,
2534,Manulife Fin Sr 9 Pr,MFC.PR.I,,
2535,Manulife Fin Sr11 Pr,MFC.PR.J,,
2536,Manulife Fin Sr13 Pr,MFC.PR.K,,
2537,Manulife Fin Sr15 Pr,MFC.PR.L,,
2538,Manulife Fin Sr17 Pr,MFC.PR.M,,
2539,Manulife Fin Sr19 Pr,MFC.PR.N,,
2540,Manulife Fin Sr21 Pr,MFC.PR.O,,
2541,Manulife Fin Sr 4 Pr,MFC.PR.P,,
2542,Manulife Fin Sr25 Pr,MFC.PR.Q,,
2543,Manulife Fin Sr23 Pr,MFC.PR.R,,
2545,Manulife FltgRtLn Un,MFR.UN,,
2547,Manulfe MltCdnLrgUnh,MCLC,,
2549,ManulfMultfCdSMID Un,MCSM,,
2551,Manulfe MltDevInt Un,MINT,,
2552,Manulfe MltDevIntUnh,MINT.B,,
2554,Manulife Emrg MktsUn,MEME.B,,
2556,Manulfe MltUSLrgCpHg,MULC,,
2557,Manulf MltUSLrgCpUnh,MULC.B,,
2559,Manulfe MultUS MidHg,MUMC,,
2560,Manulfe MultUSMdUnhg,MUMC.B,,
2562,Manulf US SmallCapUn,MUSC,,
2563,ManulfUSSmallCap U-H,MUSC.B,,
2565,Manulife US Regnl Un,MBK.UN,,
2567,Maple Leaf Foods Inc,MFI,,
2569,Marathon Gold Corp J,MOZ,,
2571,Martinrea Int'l Inc.,MRE,,
2573,MAV Beauty Brands,MAV,,
2575,Mawson Resources J,MAW,,
2577,Maxar Technologies,MAXR,,
2579,Maxim Power Corp.,MXG,,
2581,Maya Gold & Silvr J,MYA,,
2583,MBN Corporation Eqty,MBN,,
2585,MCAN Mortgage Corp.,MKP,,
2587,McCoy Global Inc.,MCB,,
2589,McEwen Mining Inc. J,MUX,,
2591,Mediagrif Interactv,MDF,,
2593,Medical Facilities,DR,,
2594,Medical Fac 5.9% Deb,DR.DB.A,,
2596,Medicenna Therapeu J,MDNA,,
2598,MEG Energy Corp.,MEG,,
2600,Mega Uranium Ltd. J,MGA,,
2602,Melcor Developments,MRD,,
2604,Melcor REIT 5.5 Deb,MR.DB,,
2605,Melcor REIT 5.25% Db,MR.DB.A,,
2606,Melcor REIT Un,MR.UN,,
2608,Methanex Corporation,MX,,
2610,Metro Inc.,MRU,,
2612,Microbix Biosystms J,MBX,,
2614,Midas Gold Corp. J,MAX,,
2616,Middlefld AmerCoreUn,ACZ,,
2618,Middlefld Can-Glb Un,RCO.UN,,
2620,Middlefield HealthUn,HWF,,
2622,Middlefld Hlth&LfeUn,LS,,
2624,Middlefld REIT INDX+,IDR,,
2626,Minco Silver Corp J,MSV,,
2628,MINT Incme Fnd Tr Un,MID.UN,,
2630,Minto Apart REIT Un,MI.UN,,
2632,Mogo Finance Tech J,MOGO,,
2633,Mogo Fin Tech J Deb,MOGO.DB,,
2635,MolsonCoors Cda A LV,TPX.A,,
2636,MolsonCoors Cda B NV,TPX.B,,
2638,Monarch Gold Corp J,MQR,,
2640,Moneda LatAm CorpBnd,MLD.UN,,
2642,Moneta Porcupine J,ME,,
2644,Morguard Corporation,MRC,,
2646,Morgaurd NA Rl 4.5Db,MRG.DB.A,,
2647,Morguard NA REIT UN,MRG.UN,,
2649,Morguard REIT 4.5Deb,MRT.DB,,
2650,Morguard Real Est Un,MRT.UN,,
2652,Morneau Shepell Inc.,MSI,,
2653,Morneau Shepl 4.75Db,MSI.DB.A,,
2655,Mountain Province J,MPVD,,
2657,MTY Food Group Inc.,MTY,,
2659,Mullen Group Ltd.,MTL,,
2660,Mullen Group Ltd Deb,MTL.DB,,
2662,Nat'l Bank of Canada,NA,,
2663,Nat'l Bank Ser 36 Pr,NA.PR.A,,
2664,Nat'l Bank Ser 38 Pr,NA.PR.C,,
2665,Nat'l Bank Ser 40 Pr,NA.PR.E,,
2666,Nat'l Bank Ser 42 Pr,NA.PR.G,,
2667,Nat'l Bank Ser 30 Pr,NA.PR.S,,
2668,Nat'l Bank Ser 32 Pr,NA.PR.W,,
2669,Nat'l Bank Ser 34 Pr,NA.PR.X,,
2671,NBI ActvCdnPrShr Un,NPRF,,
2673,NBI Cdn FamilyBusnss,NFAM,,
2675,NBI GlblRl AssetIncm,NREA,,
2677,NBI Liquid Alternatv,NALT,,
2679,NDX Growth&Incm A Un,NGI.UN,,
2681,Nemaska Lithium Inc.,NMX,,
2682,Nemaska Lithium Wt,NMX.WT,,
2684,Neo Perform Material,NEO,,
2686,Neovasc Inc. J,NVCN,,
2688,Neptune WellSolutn J,NEPT,,
2690,Nevada Copper Corp J,NCU,,
2692,New Gold Inc.,NGD,,
2694,New Look Vision J,BCI,,
2696,New Millenm Iron J,NML,,
2698,Newgrowth Cl A Cap,NEW.A,,
2699,Newgrowth Corp. Pr 3,NEW.PR.D,,
2701,Newmont Goldcorp,NGT,,
2703,Nexa Resources S.A.,NEXA,,
2705,NexGen Energy Ltd. J,NXE,,
2707,NexJ Systems Inc. J,NXJ,,
2709,NextSource Materl J,NEXT,,
2711,NFI Group Inc.,NFI,,
2713,NGEx Resources Inc J,NGQ,,
2715,Nickel CrkPlatinum J,NCP,,
2717,Nighthawk Gold J,NHK,,
2719,NioCorp Dev Ltd. J,NB,,
2721,Noranda Incm PriorUn,NIF.UN,,
2723,Norbord Inc.,OSB,,
2725,N.A. Construction,NOA,,
2726,N.A. Constr 5.5% Deb,NOA.DB,,
2727,N.A. Constr 5% Deb,NOA.DB.A,,
2729,NA Fin 15 Split A,FFN,,
2730,NA Fin 15 Split 2 Pr,FFN.PR.A,,
2732,N.A. Palladium Ltd.,PDL,,
2734,Nth American Pref Un,NPF.UN,,
2736,Northcliff Res Ltd J,NCF,,
2738,Nthrn Dynasty Min J,NDM,,
2739,Nthrn Dynasty Wt J A,NDM.WT.A,,
2740,Nthrn Dynasty Wt J B,NDM.WT.B,,
2742,Northland Power Inc.,NPI,,
2743,Northland Pwr 4.75Db,NPI.DB.C,,
2744,Northland Pwr Pr 1,NPI.PR.A,,
2745,Northland Pwr Pr 2,NPI.PR.B,,
2746,Northland Pwr Pr 3,NPI.PR.C,,
2748,Nthview Apt REIT Db,NVU.DB,,
2749,Nthview Apt REIT Un,NVU.UN,,
2751,NW Healthcare Deb,NWH.DB,,
2752,NW Healthcare7.25%Db,NWH.DB.C,,
2753,NW Healthcare 5.5%Db,NWH.DB.D,,
2754,NW Healthcare31JulDB,NWH.DB.E,,
2755,NW Healthcare31DecDB,NWH.DB.F,,
2756,NW Healthcare 2023Db,NWH.DB.G,,
2757,NW Healthcare Un,NWH.UN,,
2759,NorZinc Ltd. J,NZC,,
2761,NovaGold Resources J,NG,,
2763,Nutrien Ltd.,NTR,,
2765,NuVista Energy Ltd.,NVA,,
2767,Nuvo Pharmaceuticals,NRI,,
2769,NXT Energy Solutn J,SFD,,
2771,Obsidian Energy Ltd,OBE,,
2773,OceanaGold Corp.,OGC,,
2775,OCP Credit Stgy Un,OCS.UN,,
2777,OCP Senior Credit Un,OSL.UN,,
2779,Olympia Fin Group,OLY,,
2781,Oncolytics Biotech,ONC,,
2782,Oncolytic Biotech Wt,ONC.WT,,
2784,ONE Global Eqty Un,ONEQ,,
2786,ONE NA Core+ Bond Un,ONEB,,
2788,Onex Corporation SV,ONEX,,
2790,Open Text Corp,OTEX,,
2792,Opsens Inc. J,OPS,,
2794,Optiva Inc. J SV,OPT,,
2796,Orbit Garant Drill,OGD,,
2798,Orla Mining Ltd. J,OLA,,
2800,Orocobre Ltd. Ord J,ORL,,
2802,Orosur Mining Inc.,OMI,,
2804,Orvana Minerals J,ORV,,
2806,Oryx Pete Corp. J,OXC,,
2808,Osisko Gld Royalty,OR,,
2809,Osisko Gld Rlty 4%Db,OR.DB,,
2810,Osisko Gold Rlty Wt,OR.WT,,
2812,Osisko Mining Inc. J,OSK,,
2814,Painted Pony Engy J,PONY,,
2816,Pan American Silver,PAAS,,
2818,Paramount Res Cl A,POU,,
2820,Parex Resources J,PXT,,
2822,Park Lawn Corp.,PLC,,
2824,Parkland Fuel Corp.,PKI,,
2826,Partners REIT Un,PAR.UN,,
2828,Partners Val AA Pr 6,PVS.PR.D,,
2829,Partners Val AA Pr 7,PVS.PR.E,,
2830,Partners Val AA Pr 8,PVS.PR.F,,
2831,Partners Val AA Pr 9,PVS.PR.G,,
2833,Pason Systems Inc.,PSI,,
2835,Pathfinder Income Un,PCD.UN,,
2837,Patriot One Tech J,PAT,,
2838,Patriot OneTech J Wt,PAT.WT,,
2839,Patriot 1Tech J Wt A,PAT.WT.A,,
2840,Patriot 1Tech J Wt B,PAT.WT.B,,
2841,Patriot 1Tech J Wt C,PAT.WT.C,,
2843,Pattern Energy Grp A,PEGI,,
2845,Pembina Pipeline,PPL,,
2846,Pembina Pipe Pr 21,PPL.PF.A,,
2847,Pembina Pipe Sr 1 Pr,PPL.PR.A,,
2848,Pembina Pipe Sr 3 Pr,PPL.PR.C,,
2849,Pembina Pipe Sr 5 Pr,PPL.PR.E,,
2850,Pembina Pipe Sr 7 Pr,PPL.PR.G,,
2851,Pembina Pipe Sr 9 Pr,PPL.PR.I,,
2852,Pembina Pipe Pr 11,PPL.PR.K,,
2853,Pembina Pipe Pr 13,PPL.PR.M,,
2854,Pembina Pipe Pr 15,PPL.PR.O,,
2855,Pembina Pipe Pr 17,PPL.PR.Q,,
2856,Pembina Pipe Pr 19,PPL.PR.S,,
2858,Pengrowth Energy,PGF,,
2860,Perpetual Energy Inc,PMT,,
2862,Perseus Mining Ord J,PRU,,
2864,Petrus Resources J,PRQ,,
2866,Peyto Expl & Dev,PEY,,
2868,PFB Corporation,PFB,,
2870,Photon Control Inc.,PHO,,
2872,PHX Energy Services,PHX,,
2874,Picton Mahoney A Un,PMB.UN,,
2876,PIMCO Gbl IncmOpp Un,PGI.UN,,
2878,PIMCO Glbl ShrtCda,PMNT,,
2880,PIMCO InvGrdCreditCA,IGCF,,
2882,PIMCO LwDuratnMoIncm,PLDI,,
2884,PIMCO MthlyIncmETFUn,PMIF,,
2885,PIMCO Mthly Incm US,PMIF.U,,
2887,Pine Cliff Energy J,PNE,,
2889,Pinetree Capital J,PNP,,
2891,Pinnacle RenewblEngy,PL,,
2893,Pivot Tech Solutn J,PTG,,
2895,Pizza Pizza Royalty,PZA,,
2897,Platinum Grp Metal J,PTM,,
2898,Platinum Grp J Wt US,PTM.WT.U,,
2900,Plaza RetailTr 5.1Db,PLZ.DB.E,,
2901,Plaza Retail REIT Un,PLZ.UN,,
2903,Points Int'l Ltd. J,PTS,,
2905,Polaris Infras J,PIF,,
2907,Pollard Banknote Ltd,PBL,,
2909,Polymet Mining J,POM,,
2910,Polymet Mining Rt J,POM.RT,,
2912,Posera Ltd. J,PAY,,
2914,Postmedia Ntwrk C J,PNC.A,,
2915,Postmedia Ntwrk VV J,PNC.B,,
2917,Power Corp of Cda SV,POW,,
2918,Power Corp 5.6% Pr A,POW.PR.A,,
2919,Power Corp 5.35% Pr,POW.PR.B,,
2920,Power Corp 5.80% Pr,POW.PR.C,,
2921,Power Corp 5.00% Pr,POW.PR.D,,
2922,Power Corp Part. Pr,POW.PR.E,,
2923,Power Corp Sr861stPr,POW.PR.F,,
2924,Power Corp 5.6% Pr G,POW.PR.G,,
2926,Power Financial Corp,PWF,,
2927,Power Financial Pr A,PWF.PR.A,,
2928,Power Financial Pr D,PWF.PR.E,,
2929,Power Fin 5.25% Pr E,PWF.PR.F,,
2930,Power Fin 5.90% Pr F,PWF.PR.G,,
2931,Power Fin 5.75% Pr H,PWF.PR.H,,
2932,Power Fin 6% Pr I,PWF.PR.I,,
2933,Power Fin 4.95% Pr K,PWF.PR.K,,
2934,Power Fin 5.10% Pr L,PWF.PR.L,,
2935,Power Fin 5.80% Pr O,PWF.PR.O,,
2936,Power Fin 4.40% Pr P,PWF.PR.P,,
2937,Power Financial Pr Q,PWF.PR.Q,,
2938,Power Fin 5.50% Pr R,PWF.PR.R,,
2939,Power Fin 4.80% Pr S,PWF.PR.S,,
2940,Power Fin 4.20% Pr T,PWF.PR.T,,
2941,Power Fin 5.15% Pr V,PWF.PR.Z,,
2943,Prairie Provident J,PPR,,
2945,PrairieSky Royalty,PSK,,
2947,Precious Mtl&Mine Un,MMP.UN,,
2949,Precision Drill Corp,PD,,
2951,Premier Gold Mines J,PG,,
2953,Premium Brands Hldgs,PBH,,
2954,Premium Brand 4.65Db,PBH.DB.E,,
2955,Premium Brand 4.6 Db,PBH.DB.F,,
2956,Premium Brand 4.65Db,PBH.DB.G,,
2958,Premium Income Cl A,PIC.A,,
2959,Premium Income Pr,PIC.PR.A,,
2961,Pretium Resources J,PVG,,
2963,Prime Dividend Cl A,PDV,,
2964,Prime Dividend Pr,PDV.PR.A,,
2966,PRO Real Est Tr Un,PRV.UN,,
2968,Profound Medical,PRN,,
2970,Prometic Life J,PLI,,
2972,ProMIS Neurosci J,PMN,,
2974,Prophecy Dev Corp. J,PCY,,
2976,Pulse Seismic Inc.,PSD,,
2978,Pure Mlt-FamReitDbUS,RUF.DB.U,,
2979,Pure Mlti-Fam ReitUS,RUF.U,,
2980,Pure Mlti-Fam ReitUn,RUF.UN,,
2982,Purpose Best Ideas,PBI,,
2983,Purpose Best NnCurHg,PBI.B,,
2985,Purpose Cdn Fin Incm,BNC,,
2987,Purpose Conserv Incm,PRP,,
2989,Purpose Core Div Fnd,PDF,,
2991,Purpose DiversRl Ast,PRA,,
2993,Purpose Duratn HgREF,PHR,,
2995,Purpose EnhncDiv ETF,PDIV,,
2997,Purpose EnchnPremYld,PAYF,,
2999,Purpose Enhnc US Eq,PEU,,
3000,Purpose EnhncUSNnCur,PEU.B,,
3002,Purpose Fltg Rate Un,FLOT,,
3003,Purpose FltgRtCAD Un,FLOT.B,,
3004,Purpose FltgRtNCH US,FLOT.U,,
3006,Purpose Gbl Bnd Fund,BND,,
3008,Purpose GlbFinETF Un,PFG,,
3010,Purpose GlblInnovatr,PINV,,
3012,Purpose Gold Bul Un,KILO,,
3013,Purpose Gld Nn-curHg,KILO.B,,
3014,PurposeGldUS$nnCurHg,KILO.U,,
3016,Purpose High IntSvgs,PSA,,
3018,Purpose Intl Div Un,PID,,
3020,Purpose Intl TacHgEq,PHW,,
3022,Purpose MngdInvBond,IGB,,
3024,Purpose Monthly Incm,PIN,,
3026,Purpose Mult-AstIncm,PINC,,
3028,Purpose Mult-StgyNeu,PMM,,
3030,Purpose Prem Yld ETF,PYF,,
3031,Purpose PremNnCurHeg,PYF.B,,
3032,PurposePremNnCurHgUS,PYF.U,,
3034,PurposeSlvrBulCurHeg,SBT,,
3035,PurposeSlvBlC$NCurHG,SBT.B,,
3036,PurposeSlvrBlUSNnCur,SBT.U,,
3038,Purpose StgyYield Un,SYLD,,
3040,Purpose Tact Hegd Eq,PHE,,
3041,Purpose TacHg NN-Cur,PHE.B,,
3043,Purpose Tot Ret Bond,PBD,,
3045,Purpose US Cash USF,PSU.U,,
3047,Purpose US DivETF Un,PUD,,
3048,Purpose US Div NnCur,PUD.B,,
3050,Quarterhill Inc.,QTRH,,
3052,Quebecor Inc Cl A MV,QBR.A,,
3053,Quebecor Inc Cl B SV,QBR.B,,
3055,Questerre Corp. J,QEC,,
3057,Ravensource Fund Un,RAV.UN,,
3059,RBC 1-5Yr LadCdn Bnd,RLB,,
3061,RBC 1-5Yr LddCrp Bnd,RBO,,
3063,RBC 6-10Y CdnCorpBnd,RMBO,,
3065,RBC BluBayGlbDvrCA-H,RBDI,,
3067,RBC CdnBnk Yld Indx,RBNK,,
3069,RBC Cdn Pref CA Un,RPF,,
3071,RBC PH&N ST CA Bond,RPSB,,
3073,RBC QuantCdnDiv Lead,RCD,,
3075,RBC Quant CdnEqLeadr,RCE,,
3077,RBC Qnt EAFE DivLead,RIDH,,
3079,RBC QuantEAFE Div Un,RID,,
3080,RBC QuantEAFE Div US,RID.U,,
3082,RBC QntEAFE EQ CAHeg,RIEH,,
3084,RBC Quant EAFE Eqty,RIE,,
3085,RBC QuantEAFE EqtyUS,RIE.U,,
3087,RBC Quant EmrgMktDiv,RXD,,
3088,RBC Quant EmrgMkt US,RXD.U,,
3090,RBC QntEmrgMktEqLdr,RXE,,
3091,RBC QntEmrMktEqLdrUS,RXE.U,,
3093,RBC Quant EUDivLdHeg,RPDH,,
3095,RBC Quant EU DivLdCA,RPD,,
3096,RBC Quant EU DivLdUS,RPD.U,,
3098,RBC QUANT GlbInfraCA,RIG,,
3099,RBC QUANT GlbInfraUS,RIG.U,,
3101,RBC Quant GlbRlEstCA,RGRE,,
3102,RBC Quant GlbRlEstUS,RGRE.U,,
3104,RBC Quant US DivLead,RUDH,,
3106,RBC QntUS DivLead Un,RUD,,
3107,RBC QntUS DivLeadUSD,RUD.U,,
3109,RBC QuantUSEqty(C-H),RUEH,,
3111,RBC Quant USEqLdr Un,RUE,,
3112,RBC Quant USEqLdr US,RUE.U,,
3114,RBC ST US CorpBndCAD,RUSB,,
3115,RBC ST US CorpBndUSF,RUSB.U,,
3117,RBC Stratgc GlbDivLd,RLD,,
3119,RBC Stratgc GlbEqLdr,RLE,,
3121,RBC Target 19 CrpBnd,RQG,,
3123,RBC Target 20 CrpBnd,RQH,,
3125,RBC Target 21CorpBnd,RQI,,
3127,RBC Target22 CorpBnd,RQJ,,
3129,RBC Target23 CorpBnd,RQK,,
3131,RBC Targt2024CorpBnd,RQL,,
3133,RBC Targt2025CorpBnd,RQN,,
3135,RBC USBanksYld CA-Hg,RUBH,,
3137,RBC US Banks Yld CAD,RUBY,,
3138,RBC US Banks Yld USF,RUBY.U,,
3140,Real Matters Inc.,REAL,,
3142,Recipe Unlimited SV,RECP,,
3144,Redline Commun Grp J,RDL,,
3146,Reitman's Canada,RET,,
3147,Reitman's Cda A NV,RET.A,,
3149,Resolute Forest Prod,RFP,,
3151,Restaurant Brnd Intl,QSR,,
3153,Restaurant BrndLP Un,QSP.UN,,
3155,Resverlogix Corp. J,RVX,,
3156,Resverlogix J Wt,RVX.WT,,
3157,Riverlogix J A Wt,RVX.WT.A,,
3159,Richards Pckng Un,RPI.UN,,
3161,Richelieu Hardware,RCH,,
3163,Ridgewood Cdn Bnd Un,RIB.UN,,
3165,RioCan Rl Est Tr Un,REI.UN,,
3167,Ritchie Bros Auction,RBA,,
3169,Rocky Mtn Dealership,RME,,
3171,Rogers Comm Cl A,RCI.A,,
3172,Rogers Comm Cl B NV,RCI.B,,
3174,Rogers Sugar Inc.,RSI,,
3175,Rogers Sugar 5% Db 6,RSI.DB.E,,
3176,Rogers Sugar 4.75Db7,RSI.DB.F,,
3178,Roots Corporation,ROOT,,
3180,Roxgold Inc. J,ROXG,,
3182,Royal Bank of Canada,RY,,
3183,Royal Bank Pr Ser AA,RY.PR.A,,
3184,Royal Bank Pr Ser AC,RY.PR.C,,
3185,Royal Bank Pr Ser AE,RY.PR.E,,
3186,Royal Bank Pr Ser AF,RY.PR.F,,
3187,Royal Bank Pr Ser AG,RY.PR.G,,
3188,Royal Bank Pr Ser BB,RY.PR.H,,
3189,Royal Bank Pr Ser BD,RY.PR.J,,
3190,Royal Bank Pr Ser BF,RY.PR.M,,
3191,Royal Bank Pr Ser BH,RY.PR.N,,
3192,Royal Bank Pr Ser BI,RY.PR.O,,
3193,Royal Bank Pr Ser BJ,RY.PR.P,,
3194,Royal Bank Pr Ser BK,RY.PR.Q,,
3195,Royal Bank Pr Ser BM,RY.PR.R,,
3196,Royal Bank Pr Ser BO,RY.PR.S,,
3197,Royal Bank Pr Ser W,RY.PR.W,,
3198,Royal Bank Pr Ser AZ,RY.PR.Z,,
3200,Ry Cdn Mint-Gold ETR,MNT,,
3201,Ry Cdn Mint-Gold USF,MNT.U,,
3203,Ry Cdn Mint-Sil ETR,MNS,,
3204,Ry Cdn Mint-Sil USF,MNS.U,,
3206,Royal Nickel Corp. J,RNX,,
3208,RTG Mining Inc Ord J,RTG,,
3210,Rubicon Minerals J,RMX,,
3212,Russel Metals Inc.,RUS,,
3214,S Split Corp Cl A,SBN,,
3215,S Split Corp. Pr,SBN.PR.A,,
3217,Sabina Gld & Slvr J,SBB,,
3219,Sandstorm Gold Ltd.,SSL,,
3220,Sandstorm Gold Wt,SSL.WT,,
3222,Saputo Inc.,SAP,,
3224,Savaria Corp. J,SIS,,
3226,Scandium Int'l Mng J,SCY,,
3228,Scotia StrategcCA Eq,SCAD,,
3230,Scotia StrtgcFxdIncm,SFIX,,
3232,Scotia StrtgcIntl Eq,SINT,,
3234,Scotia StrategcUS Eq,SUSA,,
3236,Seabridge Gold Inc J,SEA,,
3238,Second Cup Ltd. The,SCU,,
3240,Secure Energy Serv J,SES,,
3242,SEMAFO Inc. J,SMF,,
3244,Sr Secured FltgLn Un,FRL.UN,,
3246,Sentry Prime Metal A,PME,,
3248,Senvest Capital Inc,SEC,,
3250,Serabi Gld plc Ord J,SBI,,
3252,Seven Generations A,VII,,
3254,Shaw Comm Cl B NV,SJR.B,,
3255,Shaw Comm Cl 2 Pr A,SJR.PR.A,,
3256,Shaw Comm Cl 2 Pr B,SJR.PR.B,,
3258,ShawCor Ltd.,SCL,,
3260,Sherritt Int'l Corp,S,,
3261,Sherritt Int'l Wt,S.WT,,
3263,Shopify Inc A SV,SHOP,,
3265,Sienna Senior Living,SIA,,
3267,Sierra Metals Inc. J,SMT,,
3269,Sierra Wireless,SW,,
3271,Silver Bear ResJ Ord,SBR,,
3273,Silver Bull Res J,SVB,,
3275,Silvercorp Metals J,SVM,,
3277,SIR Royalty Incm Un,SRV.UN,,
3279,Skylon Growth Tr Un,SKG.UN,,
3281,Slate Office REIT Db,SOT.DB,,
3282,Slate Office REIT Un,SOT.UN,,
3284,Slate Retail Cl U Un,SRT.U,,
3285,Slate Retail CAD Un,SRT.UN,,
3287,Sleep Cntry Cda Hldg,ZZZ,,
3289,SmartCtr REIT VV Un,SRU.UN,,
3291,SNC - Lavalin Group,SNC,,
3293,SolGold plc J Ord,SOLG,,
3295,Solitario Zinc J,SLR,,
3297,SOPerior Fertilizr J,SOP,,
3299,Soundvest Split Pr,BSD.PR.A,,
3300,Soundvest Split Cap,BSD.UN,,
3302,Source Energy Serv J,SHLE,,
3304,SouthGobi Res Ltd J,SGQ,,
3306,Spark Power Group J,SPG,,
3307,Spark Power Grp J Wt,SPG.WT,,
3309,Spectra7 Microsys J,SEV,,
3310,Spectra7 MicroSys Db,SEV.DB.A,,
3312,Spectral Medical Inc,EDT,,
3314,Sphere FTSEmrgMktSus,SHZ,,
3316,Spin Master Corp SV,TOY,,
3318,Sprott Inc.,SII,,
3320,Sprott PhyGld&Sil Tr,CEF,,
3321,Sprott PhyGld&Sil US,CEF.U,,
3323,Sprott PhyGold CA Un,PHYS,,
3324,Sprott Phy Gld Un US,PHYS.U,,
3326,Sprott PhyPlat CA Un,SPPP,,
3327,Sprott PhyPlat US Un,SPPP.U,,
3329,Sprott Phy Sil Cdn,PSLV,,
3330,Sprott Phy Silver US,PSLV.U,,
3332,Sprott Res Holdgs,SRHI,,
3333,Sprott Res Holdgs Wt,SRHI.WT,,
3335,SSR Mining Inc.,SSRM,,
3337,St. Augustine Gld J,SAU,,
3339,Stantec Inc.,STN,,
3341,Star Diamond Corp J,DIAM,,
3343,Starcore Intl Mine J,SAM,,
3345,Stelco Holdings J,STLC,,
3347,Stella-Jones Inc.,SJ,,
3349,STEP Energy Serv J,STEP,,
3351,Steppe Gold Ltd. J,STGO,,
3353,Stingray Group SV,RAY.A,,
3354,Stingray Vary SV,RAY.B,,
3356,Storm Res Ltd. J,SRX,,
3358,Stornoway Diamond J,SWY,,
3359,Stornoway Dia J USDb,SWY.DB.U,,
3361,Strad Inc. J,SDY,,
3363,Street Capital Group,SCB,,
3365,Strongco Corporation,SQP,,
3367,Stuart Olson Inc.,SOX,,
3368,Stuart Olsn 12/19 Db,SOX.DB.A,,
3370,Sulliden Mng Cap J,SMC,,
3372,Summit Ind REIT Un J,SMU.UN,,
3374,Sun Life Fin Inc.,SLF,,
3375,Sun Life Fin Pr A,SLF.PR.A,,
3376,Sun Life Fin Ser2 Pr,SLF.PR.B,,
3377,Sun Life Fin Ser3 Pr,SLF.PR.C,,
3378,Sun Life Fin Ser4 Pr,SLF.PR.D,,
3379,Sun Life Fin Ser5 Pr,SLF.PR.E,,
3380,Sun Life Fin Sr8R Pr,SLF.PR.G,,
3381,Sun Life Fin 10R Pr,SLF.PR.H,,
3382,Sun Life Fin 12R Pr,SLF.PR.I,,
3383,Sun Life Fin 9QR Pr,SLF.PR.J,,
3384,Sun Life Fin 11QR Pr,SLF.PR.K,,
3386,Suncor Energy Inc.,SU,,
3388,"SunOpta, Inc.",SOY,,
3390,Sunwah Int'l Ltd.,SWH,,
3392,Superior Plus Corp.,SPB,,
3394,Supreme Cannabis J,FIRE,,
3395,Supreme CannabisJ Db,FIRE.DB,,
3397,Supremex Inc.,SXP,,
3399,Surge Energy Inc. J,SGY,,
3400,Surge Energy Deb,SGY.DB,,
3401,Surge Engy 6.75 Db 2,SGY.DB.A,,
3403,Swiss Water Coffee,SWP,,
3405,Symphony FltgLoan Un,SSF.UN,,
3407,Synex Internt'l J,SXI,,
3409,TAG Oil Ltd. J,TAO,,
3411,Taiga Building Prod,TBL,,
3413,Talon Metals Corp. J,TLO,,
3415,Tamarack Vall Engy J,TVE,,
3417,Tanzanian Gold J,TNX,,
3419,Taseko Mines Ltd.,TKO,,
3421,TC Energy Corp,TRP,,
3422,TC Energy Corp Pr 1,TRP.PR.A,,
3423,TC Energy Corp Pr 3,TRP.PR.B,,
3424,TC Energy Corp Pr 5,TRP.PR.C,,
3425,TC Energy Corp Pr 7,TRP.PR.D,,
3426,TC Energy Corp Pr 9,TRP.PR.E,,
3427,TC Energy Corp Pr 2,TRP.PR.F,,
3428,TC Energy Corp Pr 11,TRP.PR.G,,
3429,TC Energy Corp Pr 4,TRP.PR.H,,
3430,TC Energy Corp Pr 6,TRP.PR.I,,
3431,TC Energy Corp Pr 13,TRP.PR.J,,
3432,TC ENERGY Corp Pr 15,TRP.PR.K,,
3434,TD ActvGlbEnhncDivCA,TGED,,
3436,TD Active Pref ShrUn,TPRF,,
3438,TD Cdn Aggregate Bnd,TDB,,
3440,TD Cdn Equity Idx Un,TTP,,
3442,TD Glbl TechLeadrs,TEC,,
3444,TD Int'l Eqty CA Heg,THE,,
3446,TD Int'l Eqty Idx Un,TPE,,
3448,TD SlctST CorpBndLad,TCSB,,
3450,TD SlctUS CorpBndlad,TUSB,,
3451,TD SlctUS CorpBndUSF,TUSB.U,,
3453,TD SysIntlEqLoVolty,TILV,,
3455,TD US Eq CAD Heg Un,THU,,
3457,TD US Equity Indx Un,TPU,,
3459,TDb Split Cl A,XTD,,
3460,TDb Split Prior Eqty,XTD.PR.A,,
3462,Teck Res Cl A MV,TECK.A,,
3463,Teck Res Cl B SV,TECK.B,,
3465,Tecsys Inc. J,TCS,,
3467,TELUS Corporation,T,,
3469,Temple Hotels Inc.,TPH,,
3471,TeraGo Inc.,TGO,,
3473,Teranga Gold Corp. J,TGZ,,
3475,TerraVest Industries,TVK,,
3476,TerraVest Ind 7% Deb,TVK.DB,,
3478,Tervita CorporationJ,TEV,,
3479,Tervita Corp J Wt,TEV.WT,,
3481,TFI International,TFII,,
3483,Empire Life Ins Pr 1,EML.PR.A,,
3485,Green Organic Hldg J,TGOD,,
3486,Green OrgancHldgJ Wt,TGOD.WT,,
3488,Intertain Grp Exch J,ITX,,
3490,NW Company VarV&ComV,NWC,,
3492,Stars Group Inc. J,TSGI,,
3494,Theratechnologies,TH,,
3495,Theratechnlgy Nte US,TH.DB.U,,
3497,Thomson Reuters Corp,TRI,,
3498,Thomson Reuter Pr II,TRI.PR.B,,
3500,Tidewater MdStrmInfr,TWM,,
3502,Timbercreek Fin Corp,TF,,
3503,Timbercrk Fin 5.4 Db,TF.DB.A,,
3504,Timbercrk Fin 5.45Db,TF.DB.B,,
3505,Timbercrk Fin 5.3 Db,TF.DB.C,,
3507,Titan Medical Inc. J,TMD,,
3508,Titan Medical F Wt J,TMD.WT.F,,
3509,Titan Medical G Wt J,TMD.WT.G,,
3510,Titan Medical H Wt J,TMD.WT.H,,
3511,Titan Medical I Wt J,TMD.WT.I,,
3513,Titan Mining Corp J,TI,,
3515,TMAC Resources Inc J,TMR,,
3517,TMX Group Limited,X,,
3519,Top 10 Cdn Fin Tr Un,TCT.UN,,
3521,Top 10 Split Tr Pr,TXT.PR.A,,
3522,Top 10 Split Tr Un,TXT.UN,,
3524,Top 20 U.S. Div A Un,TUT.UN,,
3526,TORC Oil & Gas Ltd.,TOG,,
3528,Torex Gold Res J,TXG,,
3530,Toromont Industries,TIH,,
3532,T.D. Bank,TD,,
3533,T.D. Bank Ser 1 Pr,TD.PF.A,,
3534,T.D. Bank Ser 3 Pr,TD.PF.B,,
3535,T.D. Bank Ser 5 Pr,TD.PF.C,,
3536,T.D. Bank Ser 7 Pr,TD.PF.D,,
3537,T.D. Bank Ser 9 Pr,TD.PF.E,,
3538,T.D. Bank Ser 11 Pr,TD.PF.F,,
3539,T.D. Bank Ser 12 Pr,TD.PF.G,,
3540,T.D. Bank Ser 14 Pr,TD.PF.H,,
3541,T.D. Bank Ser 16 Pr,TD.PF.I,,
3542,T.D. Bank Ser 18 Pr,TD.PF.J,,
3543,T.D. Bank Ser 20 Pr,TD.PF.K,,
3544,T.D. Bank Ser 22 Pr,TD.PF.L,,
3545,T.D. Bank Ser 24 Pr,TD.PF.M,,
3547,Torstar Cl B NV,TS.B,,
3549,Toscana Energy J,TEI,,
3551,Total Engy Serv Inc.,TOT,,
3553,Touchstone Expl Inc.,TXP,,
3555,Tourmaline Oil Corp.,TOU,,
3557,TransAlta Corp.,TA,,
3558,TransAlta Ser A Pr,TA.PR.D,,
3559,TransAlta Ser B Pr,TA.PR.E,,
3560,TransAlta Ser C Pr,TA.PR.F,,
3561,TransAlta Ser E Pr,TA.PR.H,,
3562,TransAlta Ser G Pr,TA.PR.J,,
3564,TransAlta Renewable,RNW,,
3566,Transat A.T. V & VV,TRZ,,
3568,TransAtlantic Pete J,TNP,,
3570,Transcontinentl A SV,TCL.A,,
3571,Transcontinentl B MV,TCL.B,,
3573,TransGlobe Energy J,TGL,,
3575,Treasury Metals J,TML,,
3577,Tree Island Steel,TSL,,
3579,Trevali Mining J,TV,,
3581,Trez Cap Mtg Invst A,TZZ,,
3583,Trez CapSnrMtg Inv A,TZS,,
3585,Trican Well Service,TCW,,
3587,Tricon Capital Group,TCN,,
3588,Tricon Cap 5.75Db US,TCN.DB.U,,
3590,Trillium Therpeutc J,TRIL,,
3592,Trilogy Intl PartnrJ,TRL,,
3593,Trilogy Int'l Wt J,TRL.WT,,
3595,Trilogy Metals Inc J,TMQ,,
3597,TriMetals Mining J,TMI,,
3598,TriMetals Mng B NV J,TMI.B,,
3600,Trisura Group J,TSU,,
3602,Troilus Gold Corp J,TLG,,
3604,True NthCommercl JUn,TNT.UN,,
3606,TSO3 Inc. J,TOS,,
3608,Tucows Inc.,TC,,
3610,Turquoise Hill Res,TRQ,,
3612,TVA Group Inc. B NV,TVA.B,,
3614,TWC Enterprises Ltd.,TWC,,
3616,US Financl Incm A Un,USF.UN,,
3618,US GLB GOLD&PrecMetl,GOGO,,
3620,U3O8 Corp. J,UWE,,
3622,UEX Corporation J,UEX,,
3624,Uni-Select Inc.,UNS,,
3626,Unisync Corp.,UNI,,
3628,United Corporations,UNC,,
3629,United Corp 1st Pr,UNC.PR.A,,
3630,United Corp Pr 59,UNC.PR.B,,
3631,United Corp Pr 63,UNC.PR.C,,
3633,Ur-Energy Inc. J,URE,,
3635,Uranium Participate,U,,
3637,Urbana Corporation,URB,,
3638,Urbana Corp. Cl A NV,URB.A,,
3640,UrtheCast Corp. J,UR,,
3642,US Financial 15 Cl A,FTU,,
3643,US Financial15 Pr 12,FTU.PR.B,,
3645,Valener Inc.,VNR,,
3646,Valener Inc. Sr A Pr,VNR.PR.A,,
3648,Valeura Energy Inc J,VLE,,
3650,Vanguard AllEqPortfl,VEQT,,
3652,Vanguard BalETF Port,VBAL,,
3654,Vanguard Cdn Agr Bnd,VAB,,
3656,Vanguard Cdn CorpBnd,VCB,,
3658,Vanguard CdnGvt Bond,VGV,,
3660,Vangrd CdnLT GvtBond,VLB,,
3662,Vanguard Cdn S-T Bnd,VSB,,
3664,Vanguard S-T CrpBond,VSC,,
3666,Vangrd CdnST GvtBond,VSG,,
3668,Vanguard ConservPort,VCNS,,
3670,Vanguard Consrv Incm,VCIP,,
3672,Vanguard CdaAllCapUn,VCN,,
3674,Vanguard FTSE CdaIdx,VCE,,
3676,Vanguard FTSECdnREIT,VRE,,
3678,Vanguard FTSE DivYld,VDY,,
3680,Vanguard exNA Idx Un,VIU,,
3682,Vanguard exNA CA-Heg,VI,,
3684,Vangrd FTSE Dev exUS,VDU,,
3686,Vangrd Dev US CA-heg,VEF,,
3688,Vanguard Dev AsiaPac,VA,,
3690,Vanguard FTSEDevAsia,VAH,,
3692,Vanguard FTSE Dev EU,VE,,
3694,Vanguard FTSE DevEU,VEH,,
3696,VanguardFTSE NADivYl,VIDY,,
3698,Vanguard FTSEEmrgMkt,VEE,,
3700,Vanguard FTSEGlobeCA,VXC,,
3702,Vanguard GlbxUS Aggr,VBG,,
3704,Vanguard GlbLiqFactr,VLQ,,
3706,Vanguard GlbMinVoltl,VVO,,
3708,Vanguard GlbMomntFac,VMO,,
3710,Vanguard GlbValFactr,VVL,,
3712,Vanguard GroETF Port,VGRO,,
3714,Vanguard S&P500 Indx,VFV,,
3716,Vanguard S&P500 C-Hg,VSP,,
3718,Vanguard USAggre Bnd,VBU,,
3720,Vanguard US DivAppr,VGG,,
3722,Vanguard USDivCad-hg,VGH,,
3724,Vanguard US MktIdxUn,VUN,,
3726,Vanguard US TotMktUn,VUS,,
3728,Vecima Networks Inc.,VCM,,
3730,Velan Inc. SV,VLN,,
3732,Verde Agritech Plc J,NPK,,
3734,Vermilion Energy Inc,VET,,
3736,VersaBank J,VB,,
3737,VersaBank Pr 1 J,VB.PR.A,,
3738,VersaBank Pr 3 J,VB.PR.B,,
3740,Viemed Healthcare,VMD,,
3742,Village Farms Int'l,VFF,,
3744,Vista Gold Corp,VGZ,,
3746,Wajax Corporation,WJX,,
3748,Wall Financial Corp,WFC,,
3750,Wallbridge Mng Co J,WM,,
3752,Waste Connections,WCN,,
3754,Waterloo Brewing Ltd,WBR,,
3756,Wesdome Gold Mines,WDO,,
3758,West Fraser Timber,WFT,,
3760,Westcoast Engy Pr 10,W.PR.K,,
3761,Westcoast Engy Pr 12,W.PR.M,,
3763,Wstrn Copper & Gld J,WRN,,
3765,Western Energy Serv,WRG,,
3767,Western Forest Prod,WEF,,
3769,Western Resources J,WRX,,
3771,WestJet Airline VV&V,WJA,,
3773,Westport Fuel Sys,WPRT,,
3775,Westshore Terminals,WTE,,
3777,Wheaton Precious Mtl,WPM,,
3779,Whitecap Resources J,WCP,,
3781,Wilmington Cap A NV,WCM.A,,
3782,Wilmington Cap B,WCM.B,,
3784,Winpak Limited,WPK,,
3786,WisdomTreeCA QualDiv,DGRC,,
3788,WisdomTreeEmrgMktDiv,EMV.B,,
3790,WisdomTree EU HEG Eq,EHE,,
3791,WisdomTreeEU Eq N-Hg,EHE.B,,
3793,WisdomTree ICBCCS500,CHNA.B,,
3795,WisdomTreeIntlDivHeg,IQD,,
3796,WisdomTreeIntlDvNN-H,IQD.B,,
3798,Wisdom3 IntlDivVarHg,DQI,,
3800,WisdomTree JapnEqHeg,JAPN,,
3801,WisdomTree JpnEqNnHg,JAPN.B,,
3803,WisdomTree USHiDvHeg,HID,,
3804,WisdomTreeUSHiDvNNHG,HID.B,,
3806,WisdomTreeUS MdDivHg,UMI,,
3807,WisdomTreeUS DivNnHg,UMI.B,,
3809,WisdomTree USDivHegd,DGR,,
3810,WisdomTree USDvNN-HG,DGR.B,,
3812,Wisdom3 USDivVaryHeg,DQD,,
3814,WisdomTreeCA BndNN-H,CAGG,,
3816,WisdomTreeCA STBndNH,CAGS,,
3818,World Fin Split Cl A,WFS,,
3819,World Fin Split Pr,WFS.PR.A,,
3821,WPT Industrl REIT US,WIR.U,,
3823,WSP Global Inc.,WSP,,
3825,Xanadu Mines J Ord,XAM,,
3827,Xtra-Gold Resource J,XTG,,
3829,Yamana Gold Inc.,YRI,,
3831,Yangarra Res Ltd.,YGR,,
3833,Yellow Pages Dgtl Db,YPG.DB,,
3835,Yellow Pages Limited,Y,,
3836,Yellow Pages Ltd. Wt,Y.WT,,
3838,Yorbeau Resources J,YRB,,
3840,Zargon Oil & Gas Ltd,ZAR,,
3842,Zenabis Global Inc J,ZENA,,
3843,Zenabis Global J Wt,ZENA.WT,,
3845,Zymeworks Inc.,ZYME,,
