Index,Company Name,Symbol,Price,Sector,Industry,NAICS,Beta,PE,EPS
1,01 Communique Laboratory Inc.,ONE,,,,,,,
2,1911 Gold Corporation,AUMB,,,,,,,
3,48North Cannabis Corp.,NRTH,,,,,,,
4,48North Cannabis Corp. wt 04apr2024,NRTH.WT,,,,,,,
5,49 North Resources Inc.,FNR,,,,,,,
6,9 Capital Corp.,NCPL.P,,,,,,,
7,92 Resources Corp.,NTY,,,,,,,
8,A-Labs Capital I Corp.,ALBS.P,,,,,,,
9,A-Labs Capital II Corp.,ALAB.P,,,,,,,
10,A.I.S. Resources Limited,AIS,,,,,,,
11,Abacus Mining & Exploration Corporation,AME,,,,,,,
12,Abcourt Mines Inc.,ABI,,,,,,,
13,Aben Resources Ltd.,ABN,,,,,,,
14,Abitibi Royalties Inc.,RZZ,,,,,,,
15,Abraplata Resource Corp.,ABRA,,,,,,,
16,Acasti Pharma Inc.,ACST,,,,,,,
17,Acceleware Ltd.,AXE,,,,,,,
18,Ackroo Inc.,AKR,,,,,,,
19,Adamera Minerals Corp.,ADZ,,,,,,,
20,Adcore Inc.,ADCO,,,,,,,
21,Adex Mining Inc,ADE,,,,,,,
22,ADL Ventures Inc.,AVI.P,,,,,,,
23,Advance Gold Corp.,AAX,,,,,,,
24,Advanced Proteome Therapeutics Corporation,APC,,,,,,,
25,Advantage Lithium Corp.,AAL,,,,,,,
26,Advent-AWI Holdings Inc.,AWI,,,,,,,
27,Adventus Mining Corporation,ADZN,,,,,,,
28,ADYA Inc.,ADYA,,,,,,,
29,Aequus Pharmaceuticals Inc.,AQS,,,,,,,
30,Aequus Pharmaceuticals Inc. db02May2022,AQS.DB,,,,,,,
31,Aequus Pharmaceuticals Inc. wt 02May2022,AQS.WT,,,,,,,
32,Aethon Minerals Corporation,AET,,,,,,,
33,AEX Gold Inc.,AEX,,,,,,,
34,AF1 Capital Corp.,AFC.P,,,,,,,
35,Affinity Metals Corp.,AFF,,,,,,,
36,Africa Energy Corp.,AFE,,,,,,,
37,"African Gold Group, Inc.",AGG,,,,,,,
38,Aguia Resources Limited,AGRL,,,,,,,
39,Aguila American Gold Limited,AGL,,,,,,,
40,AIM3 Ventures Inc.,AIMC.P,,,,,,,
41,AirIQ Inc,IQ,,,,,,,
42,Alba Minerals Ltd.,AA,,,,,,,
43,Albert Mining Inc.,AIIM,,,,,,,
44,Aldebaran Resources Inc.,ALDE,,,,,,,
45,Aldever Resources Inc.,ALD,,,,,,,
46,Alexandria Minerals Corporation,AZX,,,,,,,
47,Algold Resources Ltd.,ALG,,,,,,,
48,Alianza Minerals Ltd.,ANZ,,,,,,,
49,Allegiant Gold Ltd.,AUAU,,,,,,,
50,Alliance Mining Corp.,ALM,,,,,,,
51,Allied Hotel Properties Inc.,AHP,,,,,,,
52,Almadex Minerals Ltd.,DEX,,,,,,,
53,Aloro Mining Corp.,AORO,,,,,,,
54,Alpha Peak Leisure Inc.,AAP,,,,,,,
55,Alphamin Resources Corp.,AFM,,,,,,,
56,Alphanco Venture Corp.,AVC.P,,,,,,,
57,Alphinat Inc.,NPA,,,,,,,
58,Altai Resources Inc,ATI,,,,,,,
59,Altair Resources Inc.,AVX,,,,,,,
60,Altamira Gold Corp.,ALTA,,,,,,,
61,Altan Nevada Minerals Limited,ANE,,,,,,,
62,Altima Resources Ltd.,ARH,,,,,,,
63,Altiplano Metals Inc.,APN,,,,,,,
64,Alto Ventures Ltd.,ATV,,,,,,,
65,Altura Energy Inc.,ATU,,,,,,,
66,Alturas Minerals Corp,ALT,,,,,,,
67,Altus Strategies PLC,ALTS,,,,,,,
68,Alvopetro Energy Ltd.,ALV,,,,,,,
69,ALX Uranium Corp.,AL,,,,,,,
70,AM Resources Corp.,AMR,,,,,,,
71,Amarc Resources Ltd.,AHR,,,,,,,
72,Amarillo Gold Corporation,AGC,,,,,,,
73,American Creek Resources Ltd,AMK,,,,,,,
74,American Helium Inc.,AHE,,,,,,,
75,American Lithium Corp.,LI,,,,,,,
76,American Manganese Inc,AMY,,,,,,,
77,Amex Exploration Inc.,AMX,,,,,,,
78,Amilot Capital Inc.,TOM,,,,,,,
79,Amwolf Capital Corp.,AMW.P,,,,,,,
80,AnalytixInsight Inc.,ALY,,,,,,,
81,Anconia Resources Corp.,ARA,,,,,,,
82,Anfield Energy Inc.,AEC,,,,,,,
83,Angel Gold Corp.,ANG,,,,,,,
84,Angkor Gold Corp.,ANK,,,,,,,
85,Angus Ventures Inc.,GUS.P,,,,,,,
86,Anquiro Ventures Ltd.,AQR.P,,,,,,,
87,Antera Ventures I Corp.,ANTI.P,,,,,,,
88,Antibe Therapeutics Inc.,ATE,,,,,,,
89,Antioquia Gold Inc,AGD,,,,,,,
90,Antler Gold Inc.,ANTL,,,,,,,
91,Apex Resources Inc.,APX,,,,,,,
92,Apolo II Acquisition Corp.,APII.P,,,,,,,
93,Apolo III Acquisition Corp.,AIII.P,,,,,,,
94,Appili Therapeutics Inc.,APLI,,,,,,,
95,Appulse Corporation,APL,,,,,,,
96,Arch Biopartners Inc.,ARCH,,,,,,,
97,Archon Minerals Ltd.,ACS,,,,,,,
98,Arcpacific Resources Corp.,ACP,,,,,,,
99,Arctic Hunter Energy Inc.,AHU,,,,,,,
100,Arctic Star Exploration Corp.,ADD,,,,,,,
101,Arcus Development Group Inc,ADG,,,,,,,
102,Arcwest Exploration Inc.,AWX,,,,,,,
103,Arena Minerals Inc.,AN,,,,,,,
104,Argentina Lithium and Energy Corp.,LIT,,,,,,,
105,Argentum Silver Corp,ASL,,,,,,,
106,ARHT Media Inc.,ART,,,,,,,
107,Arianne Phosphate Inc.,DAN,,,,,,,
108,Arizona Silver Exploration Inc.,AZS,,,,,,,
109,Armada Data Corporation,ARD,,,,,,,
110,Armor Minerals Inc.,A,,,,,,,
111,Arrow Exploration Corp.,AXL,,,,,,,
112,Arrowstar Resources Ltd,AWS,,,,,,,
113,Ascot Resources Ltd.,AOT,,,,,,,
114,Ashanti Gold Corp.,AGZ,,,,,,,
115,Ashanti Sankofa Inc.,ASI,,,,,,,
116,ASIABASEMETALS INC.,ABZ,,,,,,,
117,Asian Mineral Resources Limited,ASN,,,,,,,
118,Asian Television Network International Ltd.,SAT,,,,,,,
119,Assure Holdings Corp.,IOM,,,,,,,
120,Aston Bay Holdings Ltd.,BAY,,,,,,,
121,Astorius Resources Ltd.,ASQ,,,,,,,
122,Astron Connect Inc.,AST,,,,,,,
123,ATAC Resources Ltd.,ATC,,,,,,,
124,ATEX Resources Inc.,ATX,,,,,,,
125,Athabasca Minerals Inc,ABM,,,,,,,
126,ATI Airtest Technologies Inc.,AAT,,,,,,,
127,Atico Mining Corporation,ATY,,,,,,,
128,Atlantic Gold Corporation,AGB,,,,,,,
129,Atlas Engineered Products Ltd.,AEP,,,,,,,
130,Aton Resources Inc.,AAN,,,,,,,
131,ATW Tech Inc.,ATW,,,,,,,
132,Aumento Capital VII Corporation,AUOC.P,,,,,,,
133,Aura Resources Inc.,AUU,,,,,,,
134,Auralite Investments Inc.,AAAA,,,,,,,
135,Auramex Resource Corp.,AUX,,,,,,,
136,Aurania Resources Ltd.,ARU,,,,,,,
137,Aurcana Corporation,AUN,,,,,,,
138,AurCrest Gold Inc.,AGO,,,,,,,
139,Aurelius Minerals Inc.,AUL,,,,,,,
140,Aurion Resources Ltd,AU,,,,,,,
141,Aurora Solar Technologies Inc.,ACU,,,,,,,
142,Aurora Spine Corporation,ASG,,,,,,,
143,Austin Resources Ltd.,AUT,,,,,,,
144,Auston Capital Corp.,ASTN.P,,,,,,,
145,Austral Gold Limited,AGLD,,,,,,,
146,Automotive Finco Corp.,AFCC,,,,,,,
147,Automotive Finco Corp. db30June2022,AFCC.DB,,,,,,,
148,Auxly Cannabis Group Inc.,XLY,,,,,,,
149,Auxly Cannabis Group Inc. wt ex 30may2020,XLY.WT,,,,,,,
150,Auxly Cannabis Group Inc wt ex 16jan2020,XLY.WT.A,,,,,,,
151,Avante Logixx Inc.,XX,,,,,,,
152,Avanti Energy Inc.,AVN,,,,,,,
153,Avidian Gold Corp.,AVG,,,,,,,
154,Avivagen Inc.,VIV,,,,,,,
155,Avricore Health Inc.,AVCR,,,,,,,
156,Avrupa Minerals Ltd,AVU,,,,,,,
157,Awale Resources Limited,ARIC,,,,,,,
158,Axion Ventures Inc.,AXV,,,,,,,
159,Axis Auto Finance Inc.,AXIS,,,,,,,
160,AXMIN Inc.,AXM,,,,,,,
161,Azarga Metals Corp.,AZR,,,,,,,
162,Azimut Exploration Inc.,AZM,,,,,,,
163,Azincourt Energy Corp.,AAZ,,,,,,,
164,Aztec Minerals Corp.,AZT,,,,,,,
165,Azucar Minerals Ltd.,AMZ,,,,,,,
166,Backstageplay Inc.,BP,,,,,,,
167,Bankers Cobalt Corp.,BANC,,,,,,,
168,Banyan Gold Corp.,BYN,,,,,,,
169,Bard Ventures Ltd.,CBS,,,,,,,
170,Barkerville Gold Mines Ltd.,BGM,,,,,,,
171,Barksdale Capital Corp.,BRO,,,,,,,
172,Baroyeca Gold & Silver Inc.,BGS,,,,,,,
173,Barrian Mining Corp.,BARI,,,,,,,
174,Barsele Minerals Corp.,BME,,,,,,,
175,Batero Gold Corp,BAT,,,,,,,
176,Battery Road Capital Corp.,BTRY.P,,,,,,,
177,Bayhorse Silver Inc.,BHS,,,,,,,
178,Bayshore Petroleum Corp,BSH,,,,,,,
179,BB1 Acquisition Corp.,BBA.P,,,,,,,
180,BCM Resources Corporation,B,,,,,,,
181,Bear Creek Mining Corporation,BCM,,,,,,,
182,Bearclaw Capital Corp.,BRL,,,,,,,
183,Bearing Lithium Corp.,BRZ,,,,,,,
184,Beauce Gold Fields Inc.,BGF,,,,,,,
185,Bee Vectoring Technologies International Inc.,BEE,,,,,,,
186,Bell Copper Corporation,BCU,,,,,,,
187,Belmont Resources Inc.,BEA,,,,,,,
188,Bemetals Corp.,BMET,,,,,,,
189,Benchmark Metals Inc.,BNCH,,,,,,,
190,Benton Resources Inc.,BEX,,,,,,,
191,Benz Mining Corp.,BZ,,,,,,,
192,Berkwood Resources Ltd.,BKR,,,,,,,
193,Bessor Minerals Inc.,BST,,,,,,,
194,Betteru Education Corp.,BTRU,,,,,,,
195,BeWhere Holdings Inc.,BEW,,,,,,,
196,Big Dougie Capital Corp.,STUV.P,,,,,,,
197,Bioasis Technologies Inc.,BTI,,,,,,,
198,BioNeutra Global Corporation,BGA,,,,,,,
199,Biorem Inc.,BRM,,,,,,,
200,BioSyent Inc.,RX,,,,,,,
201,Bitterroot Resources Ltd.,BTT,,,,,,,
202,Black Mammoth Metals Corporation,BMM,,,,,,,
203,Blackheath Resources Inc.,BHR,,,,,,,
204,Blackline Safety Corp.,BLN,,,,,,,
205,Blackrock Gold Corp.,BRC,,,,,,,
206,Blacksteel Energy Inc.,BEY,,,,,,,
207,Blind Creek Resources Ltd.,BCK,,,,,,,
208,Block One Capital Inc.,BLOK,,,,,,,
209,Blockchain Power Trust,BPWR.UN,,,,,,,
210,Blockchain Power Trust wt 08Jan2020,BPWR.WT,,,,,,,
211,Blockchaink2 Corp.,BITK,,,,,,,
212,Blockmint Technologies Inc.,BKMT,,,,,,,
213,Blue Moon Zinc Corp.,MOON,,,,,,,
214,Blue River Resources Ltd.,BXR,,,,,,,
215,Blue Sky Energy Inc.,BSI,,,,,,,
216,Blue Sky Uranium Corp.,BSK,,,,,,,
217,Blue Star Gold Corp.,BAU,,,,,,,
218,Bluebird Battery Metals Inc.,BATT,,,,,,,
219,Bluedrop Performance Learning Inc.,BPLI,,,,,,,
220,Bluerush Inc.,BTV,,,,,,,
221,Bluestone Resources Inc.,BSR,,,,,,,
222,Bluewater Acquisition Corp.,BAQ.P,,,,,,,
223,BluMetric Environmental Inc.,BLM,,,,,,,
224,BMGB Capital Corp.,BMGB.P,,,,,,,
225,Boardwalktech Software Corp.,BWLK,,,,,,,
226,Bold Capital Enterprises Ltd.,BOLD.P,,,,,,,
227,Bold Ventures Inc,BOL,,,,,,,
228,Bonterra Resources Inc.,BTR,,,,,,,
229,Boreal Metals Corp.,BMX,,,,,,,
230,Boreal Metals Corp. wt 21Nov2019,BMX.WT,,,,,,,
231,BQE Water Inc.,BQE,,,,,,,
232,Bragg Gaming Group Inc.,BRAG,,,,,,,
233,Braille Energy Systems Inc.,BES,,,,,,,
234,Bravada Gold Corporation,BVA,,,,,,,
235,Braveheart Resources Inc.,BHT,,,,,,,
236,BriaCell Therapeutics Corp.,BCT,,,,,,,
237,Brixton Metals Corporation,BBB,,,,,,,
238,Broadway Gold Mining Ltd.,BRD,,,,,,,
239,Brockton Ventures Inc.,BROC.P,,,,,,,
240,Brookfield Investments Corporation pref sr A,BRN.PR.A,,,,,,,
241,Brunswick Resources Inc.,BRU,,,,,,,
242,BTU Metals Corp.,BTU,,,,,,,
243,Buckhaven Capital Corp.,BKH.P,,,,,,,
244,Buffalo Coal Corp.,BUF,,,,,,,
245,Builders Capital Mortgage Corp.,BCF,,,,,,,
246,BuzBuz Capital Corp.,BZBZ.P,,,,,,,
247,Buzz Capital 2 Inc.,BUZH.P,,,,,,,
248,Buzz Capital Inc.,BUZ.P,,,,,,,
249,BWR Exploration Inc.,BWR,,,,,,,
250,C-Com Satellite Systems Inc.,CMI,,,,,,,
251,Cabral Gold Inc.,CBR,,,,,,,
252,Cache Exploration Inc,CAY,,,,,,,
253,Cadillac Ventures Inc.,CDC,,,,,,,
254,Calibre Mining Corp.,CXB,,,,,,,
255,Califfi Capital Corp.,CFI.P,,,,,,,
256,California Nanotechnologies Corp,CNO,,,,,,,
257,Callinex Mines Inc.,CNX,,,,,,,
258,Cameo Industries Corp.,CRU,,,,,,,
259,Camino Minerals Corporation,COR,,,,,,,
260,Camrova Resources Inc.,CAV,,,,,,,
261,Canada Carbon Inc.,CCB,,,,,,,
262,Canada Cobalt Works Inc.,CCW,,,,,,,
263,Canada Energy Partners Inc,CE,,,,,,,
264,Canada Jetlines Ltd.,JET,,,,,,,
265,Canada Jetlines Ltd. wt 16Sept2019,JET.WT,,,,,,,
266,Canada One Mining Corp.,CONE,,,,,,,
267,Canada Rare Earth Corp.,LL,,,,,,,
268,Canadabis Capital Inc.,CANB,,,,,,,
269,Canadian Energy Materials Corp.,CHEM,,,,,,,
270,Canadian Oil Recovery & Remediation Enterprises Ltd.,CVR,,,,,,,
271,Canadian Orebodies Inc.,CORE,,,,,,,
272,Canadian Premium Sand Inc.,CPS,,,,,,,
273,Canadian Spirit Resources Inc.,SPI,,,,,,,
274,Canaf Investments Inc.,CAF,,,,,,,
275,Canalaska Uranium Ltd.,CVV,,,,,,,
276,Canasil Resources Inc.,CLZ,,,,,,,
277,Candelaria Mining Corp.,CAND,,,,,,,
278,Candente Gold Corp.,CDG,,,,,,,
279,Canex Metals Inc.,CANX,,,,,,,
280,Canickel Mining Limited,CML,,,,,,,
281,Cann-is Capital Corp.,NIS.P,,,,,,,
282,Canna 8 Investment Trust,RCR.P,,,,,,,
283,Canoe Mining Ventures Corp.,CLV,,,,,,,
284,Canopy Rivers Inc.,RIV,,,,,,,
285,CANSO SELECT OPPORTUNITIES CORP A,CSOC.A,,,,,,,
286,CANSO SELECT OPPORTUNITIES CORP B,CSOC.B,,,,,,,
287,Canstar Resources Inc.,ROX,,,,,,,
288,Canterra Minerals Corporation,CTM,,,,,,,
289,Cantex Mine Development Corp.,CD,,,,,,,
290,Canuc Resources Corporation,CDA,,,,,,,
291,Canyon Creek Food Company Ltd.,CYF,,,,,,,
292,Cardero Resource Corp.,CDU,,,,,,,
293,"CardioComm Solutions, Inc.",EKG,,,,,,,
294,Cariboo Rose Resources Ltd,CRB,,,,,,,
295,Carlin Gold Corporation,CGD,,,,,,,
296,Cartier Resources Inc,ECR,,,,,,,
297,Carube Copper Corp.,CUC,,,,,,,
298,CASA Minerals Inc.,CASA,,,,,,,
299,Cascadero Copper Corporation,CCD,,,,,,,
300,Cassowary Capital Corporation Limited,BIRD.P,,,,,,,
301,Castle Peak Mining Ltd.,CAP,,,,,,,
302,Castlebar Capital Corp.,CBAR.P,,,,,,,
303,Castlecap Capital Inc.,CSTL.P,,,,,,,
304,CBLT Inc.,CBLT,,,,,,,
305,CE Brands Inc.,CEBI.P,,,,,,,
306,Ceapro Inc.,CZO,,,,,,,
307,Cematrix Corporation,CVX,,,,,,,
308,Central Iron Ore Limited,CIO,,,,,,,
309,Central Timmins Exploration Corp.,CTEC,,,,,,,
310,Centurion Minerals Ltd.,CTN,,,,,,,
311,Century Metals Inc.,CMET,,,,,,,
312,Cerus Energy Group Ltd.,CEA,,,,,,,
313,Ceylon Graphite Corp.,CYL,,,,,,,
314,CF Energy Corp.,CFY,,,,,,,
315,CGX Energy Inc.,OYL,,,,,,,
316,Chainode Opportunities Corp.,CXD.P,,,,,,,
317,Chakana Copper Corp.,PERU,,,,,,,
318,Champion Bear Resources Ltd.,CBA,,,,,,,
319,Char Technologies Ltd.,YES,,,,,,,
320,Chatham Rock Phosphate Limited,NZP,,,,,,,
321,CHC Student Housing Corp.,CHC,,,,,,,
322,Cherry Street Capital Inc.,CHSC.P,,,,,,,
323,Chesapeake Gold Corp.,CKG,,,,,,,
324,Chibougamau Independent Mines Inc.,CBG,,,,,,,
325,Chilean Metals Inc.,CMX,,,,,,,
326,China Education Resources Inc.,CHN,,,,,,,
327,Chinook Tyee Industry Limited,XCX,,,,,,,
328,Cicada Ventures Ltd.,CID,,,,,,,
329,Cinaport Acquisition Corp. III,CAC.P,,,,,,,
330,Circa Enterprises Inc,CTO,,,,,,,
331,Claren Energy Corp.,CEN,,,,,,,
332,Clarmin Explorations Inc.,CX,,,,,,,
333,Clean Commodities Corp.,CLE,,,,,,,
334,Clean Seed Capital Group Ltd.,CSX,,,,,,,
335,Clear Blue Technologies International Inc.,CBLU,,,,,,,
336,Clearford Water Systems Inc.,CLI,,,,,,,
337,Cleghorn Minerals Ltd,CZZ,,,,,,,
338,Cliffside Capital Ltd.,CEP,,,,,,,
339,CMC Metals Ltd.,CMB,,,,,,,
340,CO2 GRO Inc.,GROW,,,,,,,
341,CO2 Solutions Inc.,CST,,,,,,,
342,Cobalt 27 Capital Corp.,KBLT,,,,,,,
343,Cobalt Blockchain Inc.,COBC,,,,,,,
344,Cobra Venture Corporation,CBV,,,,,,,
345,Coin Hodl Inc.,COIN,,,,,,,
346,Colibri Resource Corporation,CBI,,,,,,,
347,Collingwood Resources Corp.,COLL.P,,,,,,,
348,Colonial Coal International Corp,CAD,,,,,,,
349,Colorado Resources Ltd,CXO,,,,,,,
350,Colson Capital Corp.,COLS.P,,,,,,,
351,Comet Industries Ltd.,CMU,,,,,,,
352,Commander Resources Ltd.,CMD,,,,,,,
353,Commerce Resources Corp.,CCE,,,,,,,
354,Compass Gold Corporation,CVB,,,,,,,
355,Composite Alliance Group Inc.,CAG,,,,,,,
356,Comstock Metals Ltd,CSL,,,,,,,
357,Condor Resources Inc,CN,,,,,,,
358,Confederation Minerals Ltd.,CFM,,,,,,,
359,Connaught Ventures Inc.,CNV.P,,,,,,,
360,Conquest Resources Limited,CQR,,,,,,,
361,Cons Firstfund Capital Corp.,FFP,,,,,,,
362,Consolidated Woodjam Copper Corp.,WCC,,,,,,,
363,Constantine Metal Resources Ltd.,CEM,,,,,,,
364,Contact Gold Corp.,C,,,,,,,
365,Contagious Gaming Inc.,CNS,,,,,,,
366,Converge Technology Solutions Corp.,CTS,,,,,,,
367,Copper Fox Metals Inc.,CUU,,,,,,,
368,Copper Lake Resources Ltd.,CPL,,,,,,,
369,Copper North Mining Corp.,COL,,,,,,,
370,Copper One Inc.,CUO,,,,,,,
371,Coral Gold Resources Ltd,CLH,,,,,,,
372,Cordoba Minerals Corp.,CDB,,,,,,,
373,Cordoba Minerals Corp WT 11JUL2019,CDB.WT,,,,,,,
374,Cordy Oilfield Services Inc.,CKK,,,,,,,
375,Core Gold Inc.,CGLD,,,,,,,
376,Cornerstone Capital Resources Inc.,CGP,,,,,,,
377,Corsa Coal Corp.,CSO,,,,,,,
378,Cotinga Pharmaceuticals Inc,COT,,,,,,,
379,Covalon Technologies Ltd.,COV,,,,,,,
380,CR Capital Corp.,CIT,,,,,,,
381,Cresval Capital Corp.,CRV,,,,,,,
382,Critical Elements Lithium Corporation,CRE,,,,,,,
383,CROPS Inc.,COPS,,,,,,,
384,Crown Mining Corp.,CWM,,,,,,,
385,Crown Point Energy Inc.,CWV,,,,,,,
386,Crownia Holdings Ltd.,CNH,,,,,,,
387,Cruz Cobalt Corp.,CUZ,,,,,,,
388,Cruzsur Energy Corp.,CZR,,,,,,,
389,Cruzsur Energy Corp. Wts 2022/07/31,CZR.WT,,,,,,,
390,Cryptostar Corp.,CSTR,,,,,,,
391,Crystal Bridge Enterprises Inc.,CRYS.P,,,,,,,
392,Crystal Lake Mining Corp.,CLM,,,,,,,
393,Crystal Peak Minerals Inc.,CPM,,,,,,,
394,Cub Energy Inc.,KUB,,,,,,,
395,Cuda Oil and Gas Inc.,CUDA,,,,,,,
396,Current Water Technologies Inc.,WATR,,,,,,,
397,Currie Rose Resources Inc.,CUI,,,,,,,
398,Cuspis Capital Ltd.,CUSP.P,,,,,,,
399,CUV Ventures Corp.,CUV,,,,,,,
400,CWC Energy Services Corp.,CWC,,,,,,,
401,Cymat Technologies Ltd.,CYM,,,,,,,
402,Cypress Development Corp.,CYP,,,,,,,
403,Dajin Resources Corp.,DJI,,,,,,,
404,Dalmac Energy Inc.,DAL,,,,,,,
405,Damara Gold Corp.,DMR,,,,,,,
406,Danacore Industries Inc.,DANA.P,,,,,,,
407,Darelle Online Solutions Inc.,DAR,,,,,,,
408,Datable Technology Corporation,DAC,,,,,,,
409,Datametrex AI Limited,DM,,,,,,,
410,DC Acquisition Corp.,DCA.P,,,,,,,
411,DealNet Capital Corp.,DLS,,,,,,,
412,Decade Resources Ltd,DEC,,,,,,,
413,Decisive Dividend Corporation,DE,,,,,,,
414,Deep-South Resources Inc.,DSM,,,,,,,
415,DeepMarkit Corp.,MKT,,,,,,,
416,Defense Metals Corp.,DEFN,,,,,,,
417,Defiance Silver Corp.,DEF,,,,,,,
418,Delivra Corp.,DVA,,,,,,,
419,DelphX Capital Markets Inc.,DELX,,,,,,,
420,Delta 9 Cannabis Inc.,NINE,,,,,,,
421,Delta 9 Cannabis Inc WTS 28JUN2020,NINE.WT,,,,,,,
422,Desert Gold Ventures Inc.,DAU,,,,,,,
423,Desert Lion Energy Inc.,DLI,,,,,,,
424,Desert Mountain Energy Corp.,DME,,,,,,,
425,Destiny Media Technologies Inc,DSY,,,,,,,
426,Devonian Health Group Inc.,GSD,,,,,,,
427,Diagnos Inc.,ADK,,,,,,,
428,Diamcor Mining Inc,DMI,,,,,,,
429,Diamond Estates Wines & Spirits Inc.,DWS,,,,,,,
430,Diamond Fields Resources Inc.,DFR,,,,,,,
431,Dios Exploration Inc,DOS,,,,,,,
432,Discovery Harbour Resources Corp.,DHR,,,,,,,
433,Discovery Metals Corp.,DSV,,,,,,,
434,Discovery One Investment Corp.,DOIT.P,,,,,,,
435,Discovery-Corp Enterprises Inc.,DCY,,,,,,,
436,District Copper Corp.,DCOP,,,,,,,
437,DLC Holdings Corp.,DLC,,,,,,,
438,Dolly Varden Silver Corporation,DV,,,,,,,
439,Doubleview Capital Corp.,DBV,,,,,,,
440,Doxa Energy Ltd,DXA,,,,,,,
441,Drone Delivery Canada Corp.,FLT,,,,,,,
442,Drone Delivery Canada Corp. wt 25mar2021,FLT.WT,,,,,,,
443,Drummond Ventures Corp.,DVX.P,,,,,,,
444,Dunnedin Ventures Inc.,DVI,,,,,,,
445,Durango Resources Inc.,DGO,,,,,,,
446,DXStorm.com Inc,DXX,,,,,,,
447,DynaCERT Inc.,DYA,,,,,,,
448,Dynamo Capital Corp.,DDD.P,,,,,,,
449,Dynasty Gold Corp.,DYG,,,,,,,
450,E3 Metals Corp.,ETMC,,,,,,,
451,Eagle Graphite Incorporated,EGA,,,,,,,
452,Eagle Plains Resources Ltd.,EPL,,,,,,,
453,Earthworks Industries Inc.,EWK,,,,,,,
454,East Africa Metals Inc.,EAM,,,,,,,
455,East Asia Minerals Corporation,EAS,,,,,,,
456,East West Petroleum Corp,EW,,,,,,,
457,Eastfield Resources Ltd.,ETF,,,,,,,
458,EastWest Bioscience Inc.,EAST,,,,,,,
459,Eastwood Bio-Medical Canada Inc.,EBM,,,,,,,
460,ECC Ventures 1 Corp.,EONE.P,,,,,,,
461,ECC Ventures 2 Corp.,ETWO.P,,,,,,,
462,Eco (Atlantic) Oil & Gas Ltd.,EOG,,,,,,,
463,Ecolomondo Corporation,ECM,,,,,,,
464,Edgewater Wireless Systems Inc.,YFI,,,,,,,
465,Edison Cobalt Corp.,EDDY,,,,,,,
466,EEStor Corporation,ESU,,,,,,,
467,Efficacious Elk Capital Corp.,EECC.P,,,,,,,
468,Eguana Technologies Inc.,EGT,,,,,,,
469,El Nino Ventures Inc.,ELN,,,,,,,
470,Elcora Advanced Materials Corp,ERA,,,,,,,
471,Element Lifestyle Retirement Inc.,ELM,,,,,,,
472,Elephant Hill Capital Inc.,EH.P,,,,,,,
473,Ellipsiz Communications Ltd.,ECT,,,,,,,
474,Eloro Resources Ltd.,ELO,,,,,,,
475,Else Nutrition Holdings Inc.,BABY,,,,,,,
476,Ely Gold Royalties Inc.,ELY,,,,,,,
477,Elysee Development Corp.,ELC,,,,,,,
478,Emblem Corp. wt 06Dec2019,EMC.WT,,,,,,,
479,Emblem Corp. wt 16nov2020,EMC.WT.A,,,,,,,
480,Emblem Corporation wt 02Feb2021,EMC.WT.B,,,,,,,
481,Emerald Bay Energy Inc,EBY,,,,,,,
482,"Emerald Health Therapeutics, Inc.",EMH,,,,,,,
483,Emerita Resources Corp.,EMO,,,,,,,
484,Emgold Mining Corporation,EMR,,,,,,,
485,Empire Industries Ltd.,EIL,,,,,,,
486,Empire Metals Corp.,EP,,,,,,,
487,Empress Resources Corp.,EMPX,,,,,,,
488,EMX Royalty Corporation,EMX,,,,,,,
489,Enablence Technologies Inc.,ENA,,,,,,,
490,Encanto Potash Corp.,EPO,,,,,,,
491,Encore Energy Corp.,EU,,,,,,,
492,Endurance Gold Corporation,EDG,,,,,,,
493,Enerdynamic Hybrid Technologies Corp.,EHT,,,,,,,
494,Energold Drilling Corp.,EGD,,,,,,,
495,Enerspar Corp.,ENER,,,,,,,
496,Enforcer Gold Corp.,VEIN,,,,,,,
497,Engagement Labs Inc.,EL,,,,,,,
498,Engineer Gold Mines Ltd.,EAU,,,,,,,
499,Engold Mines Ltd.,EGM,,,,,,,
500,Enthusiast Gaming Holdings Inc.,EGLX,,,,,,,
501,Environmental Waste International Inc.,EWS,,,,,,,
502,EnWave Corporation,ENW,,,,,,,
503,Enwave Corporation wt 15nov2022,ENW.WT,,,,,,,
504,EPower Metals Inc.,EPWR,,,,,,,
505,EQ Inc.,EQ,,,,,,,
506,eQube Gaming Limited,EQG,,,,,,,
507,Equinox Gold Corp,EQX,,,,,,,
508,Equinoxgold Corp. wt 06oct2021,EQX.WT,,,,,,,
509,Equitorial Exploration Corp.,EXX,,,,,,,
510,Erin Ventures Inc.,EV,,,,,,,
511,Eros Resources Corp.,ERC,,,,,,,
512,Eskay Mining Corp,ESK,,,,,,,
513,Esrey Resources Ltd.,ESR,,,,,,,
514,ESSA Pharma Inc.,EPI,,,,,,,
515,Essex Minerals Inc.,ESX,,,,,,,
516,Esstra Industries Inc.,ESS,,,,,,,
517,Ethos Gold Corp.,ECC,,,,,,,
518,Euro Manganese Inc.,EMN,,,,,,,
519,European Electric Metals Inc.,EVX,,,,,,,
520,European Residential Real Estate Investment Trust,ERE.UN,,,,,,,
521,Eve & Co Incorporated,EVE,,,,,,,
522,Evergreen Gaming Corporation,TNA,,,,,,,
523,Everton Resources Inc,EVR,,,,,,,
524,Evrim Resources Corp,EVM,,,,,,,
525,Exelerate Capital Corp.,XCAP.P,,,,,,,
526,ExGen Resources Inc.,EXG,,,,,,,
527,Experion Holdings Ltd.,EXP,,,,,,,
528,Explor Resources Inc.,EXS,,,,,,,
529,Eyecarrot Innovations Corp.,EYC,,,,,,,
530,Fab-Form Industries Ltd.,FBF,,,,,,,
531,Fabled Copper Corp.,FCO,,,,,,,
532,Falco Resources Ltd.,FPC,,,,,,,
533,Falcon Gold Corp.,FG,,,,,,,
534,Falcon Oil & Gas Ltd,FO,,,,,,,
535,Fancamp Exploration Ltd.,FNC,,,,,,,
536,Farstarcap Investment Corp.,FRS.P,,,,,,,
537,Fengro Industries Corp.,FGR,,,,,,,
538,Feronia Inc.,FRN,,,,,,,
539,Feronia Inc. db 24July2022,FRN.DB,,,,,,,
540,Fidelity Minerals Corp.,FMN,,,,,,,
541,Fieldex Exploration Inc.,FLX,,,,,,,
542,Filo Mining Corp.,FIL,,,,,,,
543,Findev Inc.,FDI,,,,,,,
544,Finlay Minerals Ltd,FYL,,,,,,,
545,Fintech Select Ltd.,FTEC,,,,,,,
546,Fiore Gold Ltd.,F,,,,,,,
547,Fire & Flower Holdings Corp.,FAF,,,,,,,
548,Firebird Resources Inc,FIX,,,,,,,
549,Firefox Gold Corp.,FFOX,,,,,,,
550,Firefox Gold Corp. wt 21dec2020,FFOX.WT,,,,,,,
551,Firestone Ventures Inc.,FV,,,,,,,
552,Fireswirl Technologies Inc.,FSW,,,,,,,
553,Fireweed Zinc Ltd,FWZ,,,,,,,
554,Firm Capital American Realty Partners Corp.,FCA,,,,,,,
555,Firm Capital American Realty Partners Corporation USD,FCA.U,,,,,,,
556,Firm Capital American Realty Partners Corp wt 29May2020,FCA.WT.U,,,,,,,
557,Firm Capital Property Trust,FCD.UN,,,,,,,
558,First Cobalt Corp.,FCC,,,,,,,
559,First Light Capital Corp.,XYZ.P,,,,,,,
560,First Vanadium Corp.,FVAN,,,,,,,
561,Fission 3.0 Corp.,FUU,,,,,,,
562,Five Star Diamonds Limited,STAR,,,,,,,
563,Fjordland Exploration Inc.,FEX,,,,,,,
564,Flow Capital Corp,FW,,,,,,,
565,Flow Capital Corp. db 2019dec31,FW.DB.A,,,,,,,
566,Flow Capital Corp db 2021jun30,FW.DB.B,,,,,,,
567,FluroTech Ltd.,TEST,,,,,,,
568,FLYHT Aerospace Solutions Ltd.,FLY,,,,,,,
569,Focus Graphite Inc.,FMS,,,,,,,
570,Foran Mining Corporation,FOM,,,,,,,
571,Foremost Ventures Corp.,FMV.P,,,,,,,
572,Fort St. James Nickel Corp,FTJ,,,,,,,
573,Fortem Resources Inc.,FTM,,,,,,,
574,Fortress Technologies Inc.,FORT,,,,,,,
575,Fortune Bay Corp.,FOR,,,,,,,
576,Forum Energy Metals Corp.,FMC,,,,,,,
577,Founders Advantage Capital Corp.,FCF,,,,,,,
578,Fountain Asset Corp.,FA,,,,,,,
579,FP Newspapers Inc.,FP,,,,,,,
580,FPX Nickel Corp.,FPX,,,,,,,
581,Frankly Inc.,TLK,,,,,,,
582,Freckle Ltd.,FRKL,,,,,,,
583,Freedom Energy Inc.,FREE,,,,,,,
584,Freeport Resources Inc.,FRI,,,,,,,
585,Fremont Gold Ltd.,FRE,,,,,,,
586,Fronsac Real Estate Investment Trust,FRO.UN,,,,,,,
587,Frontier Lithium Inc.,FL,,,,,,,
588,Frontline Gold Corporation,FGC,,,,,,,
589,FTI Foodtech International Inc.,FTI,,,,,,,
590,Full Metal Minerals Ltd.,FMM,,,,,,,
591,Fura Gems Inc.,FURA,,,,,,,
592,Fusion Gold Ltd.,FML.P,,,,,,,
593,G2 Goldfields Inc.,GTWO,,,,,,,
594,Gabriel Resources Ltd.,GBU,,,,,,,
595,Gainey Capital Corp.,GNC,,,,,,,
596,Galane Gold Ltd.,GG,,,,,,,
597,Galantas Gold Corporation,GAL,,,,,,,
598,Galaxy Digital Holdings Ltd.,GLXY,,,,,,,
599,Galileo Exploration Ltd.,GXL,,,,,,,
600,Galore Resources Inc,GRI,,,,,,,
601,Galway Gold Inc.,GLW,,,,,,,
602,Galway Metals Inc.,GWM,,,,,,,
603,Garibaldi Resources Corp.,GGI,,,,,,,
604,Gatekeeper Systems Inc.,GSI,,,,,,,
605,Gatling Exploration Inc.,GTR,,,,,,,
606,GBLT Corp.,GBLT,,,,,,,
607,GCC Global Capital Corporation,GCCC,,,,,,,
608,Gegs Capital Corp.,GEGS.P,,,,,,,
609,GEN III Oil Corporation,GIII,,,,,,,
610,Genesis Metals Corp.,GIS,,,,,,,
611,Genix Pharmaceuticals Corporation,GENX,,,,,,,
612,Gensource Potash Corporation,GSP,,,,,,,
613,Gentor Resources Inc.,GNT,,,,,,,
614,Geomega Resources Inc,GMA,,,,,,,
615,Gespeg Resources Ltd.,GCR,,,,,,,
616,Getty Copper Inc.,GTC,,,,,,,
617,Geyser Brands Inc.,GYSR,,,,,,,
618,GFG Resources Inc.,GFG,,,,,,,
619,GGL Resources Corp.,GGL,,,,,,,
620,GGX Gold Corp.,GGX,,,,,,,
621,Giga Metals Corporation,GIGA,,,,,,,
622,Ginger Beef Corporation,GB,,,,,,,
623,GINSMS Inc.,GOK,,,,,,,
624,Gitennes Exploration Inc,GIT,,,,,,,
625,Giyani Metals Corp.,EMM,,,,,,,
626,GK Resources Ltd.,NIKL,,,,,,,
627,Glacier Lake Resources Inc.,GLI,,,,,,,
628,Glen Eagle Resources Inc,GER,,,,,,,
629,Global Battery Metals Ltd.,GBML,,,,,,,
630,Global Daily Fantasy Sports Inc.,DFS,,,,,,,
631,Global Energy Metals Corp.,GEMC,,,,,,,
632,Global Investments Capital Corp.,GLIN.P,,,,,,,
633,Global Vanadium Corp.,GLV,,,,,,,
634,Globalive Technology Inc.,LIVE,,,,,,,
635,GMV Minerals Inc,GMV,,,,,,,
636,GobiMin Inc.,GMN,,,,,,,
637,Gold Reserve Inc.,GRZ,,,,,,,
638,Gold Rush Cariboo Corp.,GDBO,,,,,,,
639,Goldbank Mining Corporation,GLB,,,,,,,
640,Goldbelt Empires Limited,GBE,,,,,,,
641,Goldcliff Resource Corporation,GCN,,,,,,,
642,Golden Arrow Resources Corporation,GRG,,,,,,,
643,Golden Dawn Minerals Inc.,GOM,,,,,,,
644,Golden Goliath Resources Ltd.,GNG,,,,,,,
645,Golden Hope Mines Limited,GNH,,,,,,,
646,Golden Predator Mining Corp.,GPY,,,,,,,
647,Golden Pursuit Resources Ltd.,GDP,,,,,,,
648,Golden Ridge Resources Ltd.,GLDN,,,,,,,
649,Golden Share Resources Corporation,GSH,,,,,,,
650,Golden Tag Resources Ltd.,GOG,,,,,,,
651,Golden Valley Mines Ltd.,GZZ,,,,,,,
652,Goldeneye Resources Corp.,GOE,,,,,,,
653,Goldex Resources Corporation,GDX,,,,,,,
654,GoldON Resources Ltd.,GLD,,,,,,,
655,Goldplay Exploration Ltd.,GPLY,,,,,,,
656,GoldQuest Mining Corp.,GQC,,,,,,,
657,Goldsource Mines Inc.,GXS,,,,,,,
658,GoldSpot Discoveries Corp.,SPOT,,,,,,,
659,Goldstar Minerals Inc.,GDM,,,,,,,
660,Goldstrike Resources Ltd.,GSR,,,,,,,
661,Goliath Resources Limited,GOT,,,,,,,
662,Good Life Networks Inc.,GOOD,,,,,,,
663,Good Natured Products Inc.,GDNP,,,,,,,
664,Good2go Corp.,GOTO.P,,,,,,,
665,Gossan Resources Limited,GSS,,,,,,,
666,Goviex Uranium Inc.,GXU,,,,,,,
667,Gowest Gold Ltd.,GWA,,,,,,,
668,GPM Metals Inc.,GPM,,,,,,,
669,Granada Gold Mine Inc.,GGM,,,,,,,
670,Grande Portage Resources Ltd.,GPG,,,,,,,
671,Grande West Transportation Group Inc.,BUS,,,,,,,
672,Granite Creek Copper Ltd.,GCX,,,,,,,
673,Graphene 3D Lab Inc.,GGG,,,,,,,
674,Graphite One Inc.,GPH,,,,,,,
675,Gratomic Inc.,GRAT,,,,,,,
676,Gray Rock Resources Ltd.,GRK,,,,,,,
677,Great Atlantic Resources Corp.,GR,,,,,,,
678,Great Bear Resources Ltd.,GBR,,,,,,,
679,Great Lakes Graphite Inc.,GLK,,,,,,,
680,Great Quest Fertilizer Ltd.,GQ,,,,,,,
681,Great Thunder Gold Corp.,GTG,,,,,,,
682,Greatbanks Resources Ltd.,GTB,,,,,,,
683,Green Arrow Resources Inc.,GAR,,,,,,,
684,Green Rise Capital Corporation,GRCC.P,,,,,,,
685,Greenbriar Capital Corp,GRB,,,,,,,
686,Greencastle Resources Ltd.,VGN,,,,,,,
687,Greenfields Petroleum Corporation,GNF,,,,,,,
688,Greenlane Renewables Inc.,GRN,,,,,,,
689,GreenPower Motor Company Inc.,GPV,,,,,,,
690,GreenSpace Brands Inc.,JTR,,,,,,,
691,Greenstone Capital Corp.,GSGS.P,,,,,,,
692,Grid Metals Corp.,GRDM,,,,,,,
693,Grizzly Discoveries Inc.,GZD,,,,,,,
694,Grosvenor Resource Corporation,GVR,,,,,,,
695,Group Eleven Resources Corp.,ZNG,,,,,,,
696,Group Ten Metals Inc.,PGE,,,,,,,
697,Growmax Resources Corp.,GRO,,,,,,,
698,GSP Resource Corp.,GSPR,,,,,,,
699,GT Gold Corp.,GTT,,,,,,,
700,GTEC Holdings Ltd.,GTEC,,,,,,,
701,Guardian Exploration Inc.,GX,,,,,,,
702,Guerrero Ventures Inc.,GV,,,,,,,
703,Gulf & Pacific Equities Corp.,GUF,,,,,,,
704,Gungnir Resources Inc.,GUG,,,,,,,
705,Gunpoint Exploration Ltd,GUN,,,,,,,
706,GUYANA GOLDSTRIKE INC.,GYA,,,,,,,
707,H-Source Holdings Ltd.,HSI,,,,,,,
708,H2O Innovation Inc,HEO,,,,,,,
709,Halmont Properties Corporation cl A vtg shrs,HMT,,,,,,,
710,Hamilton Thorne Ltd,HTL,,,,,,,
711,Hampton Bay Capital Inc.,HPB.P,,,,,,,
712,Hampton Financial Corporation,HFC,,,,,,,
713,Hampton Financial Corporation Preferred Shares A,HFC.PR.A,,,,,,,
714,Handa Mining Corporation,HAND,,,,,,,
715,Hannan Metals Ltd.,HAN,,,,,,,
716,Hansa Resources Limited,HRL,,,,,,,
717,Hanstone Capital Corp.,HANS.P,,,,,,,
718,Happy Creek Minerals Ltd,HPY,,,,,,,
719,Harfang Exploration Inc.,HAR,,,,,,,
720,Harvest Gold Corp.,HVG,,,,,,,
721,Harvest One Cannabis Inc.,HVT,,,,,,,
722,Harvest One Cannabis Inc. wt 15Dec2020,HVT.WT,,,,,,,
723,Harvest One Cannabis Inc WTS A,HVT.WT.A,,,,,,,
724,Hashchain Technology Inc.,KASH,,,,,,,
725,Hawkeye Gold & Diamond Inc,HAWK,,,,,,,
726,Heatherdale Resources Ltd.,HTR,,,,,,,
727,Helijet International Inc.,HJI,,,,,,,
728,Helio Resources Corp.,HRC,,,,,,,
729,Helix Applications Inc.,HELX,,,,,,,
730,Hemisphere Energy Corporation,HME,,,,,,,
731,Hemostemix Inc.,HEM,,,,,,,
732,Hempco Food and Fiber Inc.,HEMP,,,,,,,
733,HFX Holding Corp.,HXC,,,,,,,
734,High Mountain Capital Corporation,BUZD.P,,,,,,,
735,Highbank Resources Ltd.,HBK,,,,,,,
736,Highbury Projects Inc,HPI,,,,,,,
737,Highland Copper Company Inc.,HI,,,,,,,
738,Highvista Gold Inc,HVV,,,,,,,
739,Highway 50 Gold Corp.,HWY,,,,,,,
740,Highwood Oil Company Ltd.,HOCL,,,,,,,
741,Hill Street Beverage Company Inc.,BEER,,,,,,,
742,Hillcrest Petroleum Ltd.,HRH,,,,,,,
743,HIT Technologies Inc.,HIT,,,,,,,
744,Hive Blockchain Technologies Ltd.,HIVE,,,,,,,
745,Hive Blockchain Technologies Ltd. wt 14Nov2019,HIVE.WT,,,,,,,
746,Hoist Capital Corp.,HTE.P,,,,,,,
747,Honey Badger Exploration Inc.,TUF,,,,,,,
748,Hooxi Network Inc.,HXI,,,,,,,
749,Horizon Petroleum Ltd.,HPL,,,,,,,
750,Hornby Bay Minerals Exploration Ltd,HBE,,,,,,,
751,HPQ-Silicon Resources Inc.,HPQ,,,,,,,
752,HTC Purenergy Inc,HTC,,,,,,,
753,Hudson Resources Inc.,HUD,,,,,,,
754,Hunt Mining Corp.,HMX,,,,,,,
755,Hunter Oil Corp.,HOC,,,,,,,
756,Huntington Exploration Inc.,HEI,,,,,,,
757,Hut 8 Mining Corp.,HUT,,,,,,,
758,Hybrid Minerals Inc.,HZ,,,,,,,
759,I-Minerals Inc.,IMA,,,,,,,
760,IBC Advanced Alloys Corp.,IB,,,,,,,
761,IBC Advanced Alloys Corp. db 2023jun06,IB.DB,,,,,,,
762,IBEX Technologies Inc,IBT,,,,,,,
763,iCo Therapeutics Inc,ICO,,,,,,,
764,Iconic Minerals Ltd.,ICM,,,,,,,
765,ICOX Innovations Inc.,ICOX,,,,,,,
766,Identillect Technologies Corp.,ID,,,,,,,
767,IEMR Resources Inc,IRI,,,,,,,
768,iLOOKABOUT Corp.,ILA,,,,,,,
769,Imaflex Inc.,IFX,,,,,,,
770,Imaging Dynamics Company Ltd.,IDL,,,,,,,
771,iMetal Resources Inc.,IMR,,,,,,,
772,IMining Blockchain and Cryptocurrency Inc.,IMIN,,,,,,,
773,Immunoprecise Antibodies Ltd.,IPA,,,,,,,
774,IMPACT Silver Corp.,IPT,,,,,,,
775,Imperial Equities Inc.,IEI,,,,,,,
776,Imperial Ginseng Products Ltd.,IGP,,,,,,,
777,Imperial Mining Group Ltd.,IPG,,,,,,,
778,Inca One Gold Corp.,IO,,,,,,,
779,Inceptus Capital Ltd.,ICI.P,,,,,,,
780,Independence Gold Corp.,IGO,,,,,,,
781,Indico Resources Ltd.,IDI,,,,,,,
782,Indigo Exploration Inc.,IXI,,,,,,,
783,Indiva Limited,NDVA,,,,,,,
784,Indiva Limited wt 13Feb2020,NDVA.WT,,,,,,,
785,Infinite Lithium Corp.,ILI,,,,,,,
786,Inform Resources Corp.,IRR,,,,,,,
787,Innovotech Inc.,IOT,,,,,,,
788,Inomin Mines Inc,MINE,,,,,,,
789,Input Capital Corp.,INP,,,,,,,
790,Inspira Financial Inc.,LND,,,,,,,
791,Intact Gold Corp.,ITG,,,,,,,
792,Integra Resources Corp.,ITR,,,,,,,
793,IntelGenx Technologies Corp,IGX,,,,,,,
794,IntelGenx Technologies Corp db30June2020,IGX.DB,,,,,,,
795,Inter-Rock Minerals Inc.,IRO,,,,,,,
796,Interbit Ltd.,IBIT,,,,,,,
797,Interconnect Ventures Corporation,IVC,,,,,,,
798,Intercontinental Gold and Metals Ltd.,ICAU,,,,,,,
799,Interlapse Technologies Corp.,INLA,,,,,,,
800,International Bethlehem Mining Corp.,IBC,,,,,,,
801,International Corona Capital Corp.,IC,,,,,,,
802,Intl Frontier Resources Corporation,IFR,,,,,,,
803,International Lithium Corp.,ILC,,,,,,,
804,International Millennium Mining Corp.,IMI,,,,,,,
805,International Montoro Resources Inc.,IMT,,,,,,,
806,Intl Parkside Products Inc.,IPD,,,,,,,
807,International Prospect Ventures Ltd.,IZZ,,,,,,,
808,International Samuel Exploration Corp.,ISS,,,,,,,
809,International Zeolite Corp.,IZ,,,,,,,
810,Internet of Things Inc.,ITT,,,,,,,
811,Intouch Insight Ltd.,INX,,,,,,,
812,Inventronics Limited,IVX,,,,,,,
813,Inventus Mining Corporation,IVS,,,,,,,
814,Invictus MD Strategies Corp.,GENE,,,,,,,
815,Invictus MD Strategies wt. 19OCT2020,GENE.WT,,,,,,,
816,InZinc Mining Ltd.,IZN,,,,,,,
817,IOU Financial Inc.,IOU,,,,,,,
818,Iplayco Corporation Ltd,IPC,,,,,,,
819,Ironwood Capital Corp.,IRN.P,,,,,,,
820,iSign Media Solutions Inc.,ISD,,,,,,,
821,Isoenergy Ltd,ISO,,,,,,,
822,Itafos,IFOS,,,,,,,
823,Itasca Capital Ltd.,ICL,,,,,,,
824,Ivrnet Inc.,IVI,,,,,,,
825,J55 Capital Corp.,FIVE.P,,,,,,,
826,Jackpot Digital Inc,JP,,,,,,,
827,Jackpot Digital Inc 20JAN2022 WTS,JP.WT,,,,,,,
828,Jade Leader Corp.,JADE,,,,,,,
829,Jadestone Energy Inc.,JSE,,,,,,,
830,Jaeger Resources Corp.,JAEG,,,,,,,
831,Jaguar Financial Corp.,JFC,,,,,,,
832,James E. Wagner Cultivation Corporation,JWCA,,,,,,,
833,Japan Gold Corp.,JG,,,,,,,
834,Jasper Mining Corporation,JSP,,,,,,,
835,Jaxon Mining Inc.,JAX,,,,,,,
836,Jayden Resources Inc.,JDN,,,,,,,
837,Jazz Resources Inc,JZR,,,,,,,
838,Jemtec Inc.,JTC,,,,,,,
839,Jericho Oil Corporation,JCO,,,,,,,
840,Jervois Mining Ltd.,JRV,,,,,,,
841,Jiulian Resources Inc,JLR,,,,,,,
842,Jourdan Resources Inc,JOR,,,,,,,
843,Jubilee Gold Exploration Ltd,JUB,,,,,,,
844,Juggernaut Exploration Ltd.,JUGR,,,,,,,
845,Jura Energy Corporation,JEC,,,,,,,
846,K2 Gold Corporation,KTO,,,,,,,
847,K92 Mining Inc.,KNT,,,,,,,
848,Kaizen Discovery Inc.,KZD,,,,,,,
849,Kalytera Therapeutics Inc.,KLY,,,,,,,
850,Kalytera Therapeutics Inc. wt 08Aug2021,KLY.WT.A,,,,,,,
851,Kalytera Therapeutics Inc. wt 26Apr2022,KLY.WT.B,,,,,,,
852,Kane Biotech Inc.,KNE,,,,,,,
853,Kapa Capital Inc.,KAPA.P,,,,,,,
854,Karmin Exploration Inc.,KAR,,,,,,,
855,Katipult Technology Corp.,FUND,,,,,,,
856,KDA Group Inc.,KDA,,,,,,,
857,Kelly Ventures Ltd.,KKL.P,,,,,,,
858,Kenadyr Mining (Holdings) Corp.,KEN,,,,,,,
859,Kepler Acquisition Corp.,KEP.P,,,,,,,
860,Kermode Resources Ltd.,KLM,,,,,,,
861,Kesselrun Resources Ltd.,KES,,,,,,,
862,Kestrel Gold Inc.,KGC,,,,,,,
863,KFG Resources Ltd.,KFG,,,,,,,
864,Khiron Life Sciences Corp.,KHRN,,,,,,,
865,Kidoz Inc.,KIDZ,,,,,,,
866,Kilo Goldmines Ltd.,KGL,,,,,,,
867,Kincora Copper Limited,KCC,,,,,,,
868,King George Financial Corp,KGF,,,,,,,
869,King's Bay Resources Corp.,KBG,,,,,,,
870,Kingsmen Resources Ltd.,KNG,,,,,,,
871,Kintavar Exploration Inc.,KTR,,,,,,,
872,Kismet Resources Corp.,KSMT.P,,,,,,,
873,Klondike Gold Corp,KG,,,,,,,
874,Klondike Silver Corp.,KS,,,,,,,
875,Kneat.com Inc.,KSI,,,,,,,
876,Komet Resources Inc.,KMT,,,,,,,
877,Kootenay Silver Inc.,KTN,,,,,,,
878,Kootenay Silver Inc. wt 21Apr2021,KTN.WT,,,,,,,
879,Kore Mining Ltd.,KORE,,,,,,,
880,Kraken Robotics Inc.,PNG,,,,,,,
881,Kutcho Copper Corp.,KC,,,,,,,
882,Kuuhubb Inc.,KUU,,,,,,,
883,Labrador Gold Corp.,LAB,,,,,,,
884,Labrador Technologies Inc .,LTX,,,,,,,
885,Lakeview Hotel Investment Corp.,LHR,,,,,,,
886,Lakeview Hotel Investment Corp sr C ex 22Aug2019,LHR.DB.C,,,,,,,
887,Lakeview Hotel Investment Corp. sr d ex 22Aug2019,LHR.DB.D,,,,,,,
888,Lanesborough Real Estate Investment Trust db30jun2022,LRT.DB.G,,,,,,,
889,Lanesborough Real Estate Investment Trust,LRT.UN,,,,,,,
890,Lara Exploration Ltd.,LRA,,,,,,,
891,Latin American Minerals Inc.,LAT,,,,,,,
892,Latin Metals Inc.,LMS,,,,,,,
893,Lattice Biologics Ltd.,LBL,,,,,,,
894,Laurion Mineral Exploration Inc,LME,,,,,,,
895,Le Chateau Inc,CTU,,,,,,,
896,Le Mare Gold Corp.,LMGC,,,,,,,
897,Leading Edge Materials Corp.,LEM,,,,,,,
898,LED Medical Diagnostics Inc.,LMD,,,,,,,
899,Legend Power Systems Inc,LPS,,,,,,,
900,Leonovus Inc.,LTV,,,,,,,
901,Letho Resources Corp.,LET,,,,,,,
902,Leucrotta Exploration Inc.,LXE,,,,,,,
903,Lexagene Holdings Inc.,LXG,,,,,,,
904,LGC Capital Ltd.,LG,,,,,,,
905,Libby K Industries Inc.,LBB.P,,,,,,,
906,Libero Copper Corporation,LBC,,,,,,,
907,"Liberty Defense Holdings, Ltd.",SCAN,,,,,,,
908,Liberty One Lithium Corp.,LBY,,,,,,,
909,Lico Energy Metals Inc.,LIC,,,,,,,
910,Lift & Co. Corp.,LIFT,,,,,,,
911,Lincoln Mining Corporation,LMG,,,,,,,
912,Lingo Media Corporation,LM,,,,,,,
913,Lion One Metals Limited,LIO,,,,,,,
914,Lions Bay Capital Inc,LBI,,,,,,,
915,Lite Access Technologies Inc.,LTE,,,,,,,
916,Lithion Energy Corp.,LNC,,,,,,,
917,Lithion Energy Corp. Reg D,LNC.S,,,,,,,
918,Lithium Chile Inc.,LITH,,,,,,,
919,Lithium Energi Exploration Inc.,LEXI,,,,,,,
920,Lithium Energy Products Inc.,LEP,,,,,,,
921,Lithoquest Diamonds Inc.,LDI,,,,,,,
922,Lomiko Metals Inc.,LMR,,,,,,,
923,Loop Insights Inc.,MTRX,,,,,,,
924,Loopshare Ltd.,LOOP,,,,,,,
925,Lorne Park Capital Partners Inc.,LPC,,,,,,,
926,Los Andes Copper Ltd.,LA,,,,,,,
927,Lucky Minerals Inc.,LKY,,,,,,,
928,Luckystrike Resources Ltd.,LUKY,,,,,,,
929,Lumina Gold Corp.,LUM,,,,,,,
930,Luminex Resources Corp.,LR,,,,,,,
931,Lund Enterprises Corp.,LEN,,,,,,,
932,Lupaka Gold Corp.,LPK,,,,,,,
933,MacArthur Minerals Limited,MMS,,,,,,,
934,MacDonald Mines Exploration Ltd.,BMK,,,,,,,
935,Macro Enterprises Inc,MCR,,,,,,,
936,Madalena Energy Inc.,MVN,,,,,,,
937,Magna Gold Corp.,MGR,,,,,,,
938,Magna Terra Minerals Inc.,MTT,,,,,,,
939,Magnitude Mining Ltd.,MML.P,,,,,,,
940,Magnolia Colombia Ltd.,MCO,,,,,,,
941,Magnum Goldcorp Inc.,MGI,,,,,,,
942,Majestic Gold Corp.,MJS,,,,,,,
943,Mako Mining Corp.,MKO,,,,,,,
944,Mako Mining Corp. rt ex 15jul2019,MKO.RT,,,,,,,
945,Mammoth Resources Corp.,MTH,,,,,,,
946,Manado Gold Corp.,MDO,,,,,,,
947,Manganese X Energy Corp.,MN,,,,,,,
948,Manitex Capital Inc.,MNX,,,,,,,
949,Manitou Gold Inc,MTU,,,,,,,
950,Maple Gold Mines Ltd.,MGM,,,,,,,
951,Maple Gold Mines Ltd. wt 27Jun2022,MGM.WT,,,,,,,
952,Maple Peak Investments Inc.,MAP,,,,,,,
953,Maplewood International REIT,MWI.UN,,,,,,,
954,Margaret Lake Diamonds Inc.,DIA,,,,,,,
955,Margaux Resources Ltd,MRL,,,,,,,
956,Marifil Mines Limited,MFM,,,,,,,
957,Maritime Resources Corp,MAE,,,,,,,
958,Marksmen Energy Inc,MAH,,,,,,,
959,Martello Technologies Group Inc.,MTLO,,,,,,,
960,Mas Gold Corp.,MAS,,,,,,,
961,Mason Graphite Inc.,LLG,,,,,,,
962,Matachewan Consolidated Mines Ltd. cl A,MCM.A,,,,,,,
963,MAX Resource Corp,MXR,,,,,,,
964,McChip Resources Inc,MCS,,,,,,,
965,"Mcorpcx, Inc.",MCX,,,,,,,
966,Med BioGene Inc.,MBI,,,,,,,
967,Medallion Resources Ltd.,MDL,,,,,,,
968,Medcolcanna Organics Inc.,MCCN,,,,,,,
969,Medexus Pharmaceuticals Inc.,MDP,,,,,,,
970,Medexus Pharmaceuticals Inc. db16oct2023,MDP.DB,,,,,,,
971,Medgold Resources Corp.,MED,,,,,,,
972,Mediavalet Inc.,MVP,,,,,,,
973,Medicure Inc.,MPH,,,,,,,
974,Medifocus Inc,MFS,,,,,,,
975,Medipharm Labs Corp.,LABS,,,,,,,
976,MedMira Inc.,MIR,,,,,,,
977,Medx Health Corp,MDX,,,,,,,
978,Mega Copper Ltd.,MCU,,,,,,,
979,Megastar Development Corp.,MDV,,,,,,,
980,Melior Resources Inc.,MLR,,,,,,,
981,Melkior Resources Inc,MKR,,,,,,,
982,Memex Inc.,OEE,,,,,,,
983,Mene Inc.,MENE,,,,,,,
984,Mene Inc. wt 29nov2020,MENE.WT,,,,,,,
985,Meridian Mining Societas Europea,MNO,,,,,,,
986,Meridius Resources Limited,MRI,,,,,,,
987,Mesa Exploration Corp.,MSA,,,,,,,
988,MetalCorp Limited,MTC,,,,,,,
989,Metalex Ventures Ltd,MTX,,,,,,,
990,Metalla Royalty And Streaming Ltd.,MTA,,,,,,,
991,Metallic Minerals Corp.,MMG,,,,,,,
992,Metallis Resources Inc.,MTS,,,,,,,
993,Metalore Resources Limited,MET,,,,,,,
994,Metals Creek Resources Corp.,MEK,,,,,,,
995,Meteorite Capital Inc.,MTR.P,,,,,,,
996,Metron Capital Corp.,MCN,,,,,,,
997,Mexican Gold Corp.,MEX,,,,,,,
998,MG Capital Corporation,MGX.P,,,,,,,
999,Midland Exploration Inc,MD,,,,,,,
1000,Midnight Sun Mining Corp,MMA,,,,,,,
1001,Midpoint Holdings Ltd.,MPT,,,,,,,
1002,MillenMin Ventures Inc,MVM,,,,,,,
1003,Millennial ESports Corp.,GAME,,,,,,,
1004,Millennial Lithium Corp.,ML,,,,,,,
1005,Millennial Lithium Corp. wt 13Mar2020,ML.WT,,,,,,,
1006,Millrock Resources Inc,MRO,,,,,,,
1007,Mimi's Rock Corp.,MIMI,,,,,,,
1008,Minaean SP Construction Corp.,MSP,,,,,,,
1009,Minaurum Gold Inc.,MGG,,,,,,,
1010,Minco Capital Corp.,MMM,,,,,,,
1011,Minera Alamos Inc.,MAI,,,,,,,
1012,Mineral Hill Industries Ltd.,MHI,,,,,,,
1013,Mineral Mountain Resources Ltd.,MMV,,,,,,,
1014,Minerva Intelligence Inc.,MVAI,,,,,,,
1015,Mineworx Technologies Ltd.,MWX,,,,,,,
1016,Minfocus Exploration Corp.,MFX,,,,,,,
1017,Minkap Resources Inc.,KAP,,,,,,,
1018,Minnova Corp.,MCI,,,,,,,
1019,Minsud Resources Corp.,MSR,,,,,,,
1020,Mira X Acquisition Corp.,MIRA.P,,,,,,,
1021,Mirasol Resources Ltd.,MRZ,,,,,,,
1022,Mission Ready Solutions Inc.,MRS,,,,,,,
1023,Mkango Resources Ltd.,MKA,,,,,,,
1024,ML Gold Corp.,MLG,,,,,,,
1025,MOBI724 Global Solutions Inc.,MOS,,,,,,,
1026,Mobio Technologies Inc.,MBO,,,,,,,
1027,Molori Energy Inc.,MOL,,,,,,,
1028,Monarca Minerals Inc.,MMN,,,,,,,
1029,Mondias Natural Products Inc.,NHP,,,,,,,
1030,Mongolia Growth Group Ltd.,YAK,,,,,,,
1031,Montero Mining And Exploration Ltd.,MON,,,,,,,
1032,Monument Mining Limited,MMY,,,,,,,
1033,Moovly Media Inc.,MVY,,,,,,,
1034,Morien Resources Corp.,MOX,,,,,,,
1035,Mosaic Capital Corporation,M,,,,,,,
1036,Mosiac Capital Corporation db31Dec2021,M.DB,,,,,,,
1037,Mosaic Capital Corporation db26Jan2024,M.DB.A,,,,,,,
1038,Mosaic Capital Corporation 6% Preferred,M.PR.B,,,,,,,
1039,Mountain Boy Minerals Ltd.,MTB,,,,,,,
1040,Mountain China Resorts (Holding) Limited,MCG,,,,,,,
1041,Mundoro Capital Inc.,MUN,,,,,,,
1042,Murchison Minerals Ltd.,MUR,,,,,,,
1043,NaiKun Wind Energy Group Inc,NKW,,,,,,,
1044,Namaste Technologies Inc.,N,,,,,,,
1045,Namaste Technologies Inc. 27FEB20 WTS,N.WT,,,,,,,
1046,Namaste Tech Inc. Wts A 3.15 25OCT2023,N.WT.A,,,,,,,
1047,Namibia Critical Metals Inc.,NMI,,,,,,,
1048,Namsys Inc.,CTZ,,,,,,,
1049,Nanalysis Scientific Corp.,NSCI,,,,,,,
1050,Nano One Materials Corp.,NNO,,,,,,,
1051,Nanotech Security Corp,NTS,,,,,,,
1052,Nanoxplore Inc.,GRA,,,,,,,
1053,Napier Ventures Inc.,NAP,,,,,,,
1054,National Access Cannabis Corp.,META,,,,,,,
1055,National Access Cannabis Corp. db30nov2021,META.DB,,,,,,,
1056,Naturally Splendid Enterprises Ltd.,NSP,,,,,,,
1057,NatureBank Asset Management Inc.,COO,,,,,,,
1058,Navigator Acquisition Corp.,NAQ.P,,,,,,,
1059,Navy Resources Corp.,NVY,,,,,,,
1060,NBS Capital Inc.,NBS.P,,,,,,,
1061,Nebu Resources Inc.,NBU,,,,,,,
1062,Neo Lithium Corp.,NLC,,,,,,,
1063,Neptune Dash Technologies Corp.,DASH,,,,,,,
1064,Nervgen Pharma Corp.,NGEN,,,,,,,
1065,Network Media Group Inc.,NTE,,,,,,,
1066,NeutriSci International Inc.,NU,,,,,,,
1067,Nevada Energy Metals Inc,BFF,,,,,,,
1068,Nevada Exploration Inc.,NGE,,,,,,,
1069,Nevada Sunrise Gold Corporation,NEV,,,,,,,
1070,Nevada Zinc Corporation,NZN,,,,,,,
1071,New Age Metals Inc.,NAM,,,,,,,
1072,New Carolin Gold Corp.,LAD,,,,,,,
1073,New Destiny Mining Corp.,NED,,,,,,,
1074,New Dimension Resources Ltd.,NDR,,,,,,,
1075,New Energy Metals Corp,ENRG,,,,,,,
1076,New Era Minerals Inc.,NEM,,,,,,,
1077,New Nadina Explorations Limited,NNA,,,,,,,
1078,New Oroperu Resources Inc.,ORO,,,,,,,
1079,New Pacific Metals Corp.,NUAG,,,,,,,
1080,New Stratus Energy Inc.,NSE,,,,,,,
1081,New West Energy Services Inc.,NWE,,,,,,,
1082,New World Resource Corp.,NW,,,,,,,
1083,New Zealand Energy Corp.,NZ,,,,,,,
1084,NewNorth Projects Ltd.,NNP,,,,,,,
1085,Newport Exploration Ltd.,NWX,,,,,,,
1086,Newrange Gold Corp.,NRG,,,,,,,
1087,Newstrike Brands Ltd. wt 28Feb2020,HIP.WT,,,,,,,
1088,Newstrike Brands Ltd. wt ex 2023jun19 .wt.a,HIP.WT.A,,,,,,,
1089,NexgenRx Inc.,NXG,,,,,,,
1090,NexOptic Technology Corp.,NXO,,,,,,,
1091,Nexpoint Hospitality Trust,NHT.U,,,,,,,
1092,Nexus Gold Corp.,NXS,,,,,,,
1093,Nexus Real Estate Investment Trust,NXR.UN,,,,,,,
1094,Nickel North Exploration Corp.,NNX,,,,,,,
1095,Nicola Mining Inc.,NIM,,,,,,,
1096,Niobay Metals Inc.,NBY,,,,,,,
1097,Niocan Inc.,NIO,,,,,,,
1098,Nippon Dragon Resources Inc.,NIP,,,,,,,
1099,Nitinat Minerals Corporation,NZZ,,,,,,,
1100,Noble Iron Inc.,NIR,,,,,,,
1101,Noble Mineral Exploration Inc.,NOB,,,,,,,
1102,Noram Ventures Inc.,NRM,,,,,,,
1103,Nordic Gold Inc.,NOR,,,,,,,
1104,Noront Resources Ltd.,NOT,,,,,,,
1105,Norra Metals Corp.,NORA,,,,,,,
1106,Nortec Minerals Corp,NVT,,,,,,,
1107,North American Nickel Inc.,NAN,,,,,,,
1108,North Arrow Minerals Inc.,NAR,,,,,,,
1109,Northern Graphite Corporation,NGC,,,,,,,
1110,Northern Lion Gold Corp.,NL,,,,,,,
1111,Northern Shield Resources Inc.,NRN,,,,,,,
1112,Northern Superior Resources Inc.,SUP,,,,,,,
1113,Northern Vertex Mining Corp.,NEE,,,,,,,
1114,Northern Vertex Mining Corp. db31May2021,NEE.DB,,,,,,,
1115,Northfield Capital Corporation cl A rv,NFD.A,,,,,,,
1116,NorthIsle Copper and Gold Inc.,NCX,,,,,,,
1117,Norvista Capital Corporation,NVV,,,,,,,
1118,Nouveau Monde Graphite Inc.,NOU,,,,,,,
1119,Nova Leap Health Corp.,NLH,,,,,,,
1120,NovaTeqni Technology Corporation,NTQ,,,,,,,
1121,Novo Resources Corp.,NVO,,,,,,,
1122,Novoheart Holdings Inc.,NVH,,,,,,,
1123,Novra Technologies Inc.,NVI,,,,,,,
1124,NRG Metals Inc.,NGZ,,,,,,,
1125,NSGold Corporation,NSX,,,,,,,
1126,NTG Clarity Networks Inc.,NCI,,,,,,,
1127,Nubeva Technologies Ltd.,NBVA,,,,,,,
1128,Nubian Resources Ltd,NBR,,,,,,,
1129,Nulegacy Gold Corporation,NUG,,,,,,,
1130,NV Gold Corporation,NVX,,,,,,,
1131,NXGold Ltd.,NXN,,,,,,,
1132,Oceanic Iron Ore Corp,FEO,,,,,,,
1133,Oceanus Resources Corporation,OCN,,,,,,,
1134,Oculus VisionTech Inc.,OVT,,,,,,,
1135,Olivut Resources Ltd.,OLV,,,,,,,
1136,Omineca Mining and Metals Ltd.,OMM,,,,,,,
1137,Omni Commerce Corp.,OMNI,,,,,,,
1138,Omni-Lite Industries Canada Inc,OML,,,,,,,
1139,OneSoft Solutions Inc.,OSS,,,,,,,
1140,Opawica Explorations Inc.,OPW,,,,,,,
1141,Opus One Resources Inc.,OOR,,,,,,,
1142,Oracle Energy Corp.,OEC,,,,,,,
1143,Orca Exploration Group Inc series A,ORC.A,,,,,,,
1144,Orca Exploration Group Inc series B,ORC.B,,,,,,,
1145,Orca Gold Inc.,ORG,,,,,,,
1146,Orefinders Resources Inc.,ORX,,,,,,,
1147,Orestone Mining Corp.,ORS,,,,,,,
1148,Orex Minerals Inc.,REX,,,,,,,
1149,Orezone Gold Corporation,ORE,,,,,,,
1150,Orford Mining Corporation,ORM,,,,,,,
1151,Organic Garage Ltd.,OG,,,,,,,
1152,OrganiGram Holdings Inc,OGI,,,,,,,
1153,Organimax Nutrient Corp.,KMAX,,,,,,,
1154,Organto Foods Inc.,OGO,,,,,,,
1155,Origin Gold Corporation,OIC,,,,,,,
1156,Orletto Capital II Inc.,OLT.P,,,,,,,
1157,Oroco Resource Corp,OCO,,,,,,,
1158,Oronova Energy Inc.,ONV,,,,,,,
1159,Orsu Metals Corporation,OSU,,,,,,,
1160,Osino Resources Corp.,OSI,,,,,,,
1161,Osisko Metals Incorporated,OM,,,,,,,
1162,Osprey Gold Development Ltd.,OS,,,,,,,
1163,Otis Gold Corp,OOO,,,,,,,
1164,Outcrop Gold Corp.,OCG,,,,,,,
1165,OV2 Investment 1 Inc.,OVO.P,,,,,,,
1166,Owl Capital Corp.,OCC.P,,,,,,,
1167,Pacgen Life Science Corporation,PBS,,,,,,,
1168,Pacific Bay Minerals Ltd.,PBM,,,,,,,
1169,Pacific Booker Minerals Inc.,BKM,,,,,,,
1170,Pacific Empire Minerals Corp.,PEMC,,,,,,,
1171,Pacific Imperial Mines Inc.,PPM,,,,,,,
1172,Pacific Iron Ore Corporation,POC,,,,,,,
1173,Pacific Ridge Exploration Ltd.,PEX,,,,,,,
1174,Pacific Silk Road Resources Group Inc.,PP,,,,,,,
1175,Pacton Gold Inc.,PAC,,,,,,,
1176,Palamina Corp.,PA,,,,,,,
1177,Paleo Resources. Inc.,PRE,,,,,,,
1178,Palladium One Mining Inc.,PDM,,,,,,,
1179,Pan Andean Minerals Ltd.,PAD,,,,,,,
1180,Pan Global Resources Inc.,PGZ,,,,,,,
1181,Pan Orient Energy Corp.,POE,,,,,,,
1182,Pancontinental Resources Corporation,PUC,,,,,,,
1183,Pangolin Diamonds Corp.,PAN,,,,,,,
1184,Panorama Capital Corp.,PANO.P,,,,,,,
1185,Panoro Minerals Ltd.,PML,,,,,,,
1186,Para Resources Inc.,PBR,,,,,,,
1187,Parallel Mining Corp.,PAL,,,,,,,
1188,Parkit Enterprise Inc.,PKT,,,,,,,
1189,Partner Jet Corp.,PJT,,,,,,,
1190,Partners Value Investments LP pref ser A,PVF.PR.U,,,,,,,
1191,Partners Value Investments LP,PVF.UN,,,,,,,
1192,Partners Value Investments LP wt 30Jun2026,PVF.WT,,,,,,,
1193,Pascal Biosciences Inc.,PAS,,,,,,,
1194,Pearl River Holdings Limited,PRH,,,,,,,
1195,Peeks Social Ltd.,PEEK,,,,,,,
1196,Pelangio Exploration Inc.,PX,,,,,,,
1197,Pender Growth Fund Inc.,PTF,,,,,,,
1198,People Corporation,PEO,,,,,,,
1199,Perihelion Capital Ltd.,PCL.P,,,,,,,
1200,Perisson Petroleum Corporation,POG,,,,,,,
1201,Pershimex Resources Corporation,PRO,,,,,,,
1202,Peruvian Metals Corp.,PER,,,,,,,
1203,Petrichor Energy Inc.,PTP,,,,,,,
1204,Petro-Victory Energy Corp.,VRY,,,,,,,
1205,Petrodorado Energy Ltd.,PDQ,,,,,,,
1206,PetroFrontier Corp,PFC,,,,,,,
1207,Petrolympic Ltd,PCQ,,,,,,,
1208,PetroShale Inc.,PSH,,,,,,,
1209,PetroTal Corp.,TAL,,,,,,,
1210,Petroteq Energy Inc.,PQE,,,,,,,
1211,Petrox Resources Corp.,PTC,,,,,,,
1212,Pharmacielo Ltd.,PCLO,,,,,,,
1213,Philippine Metals Inc.,PHI,,,,,,,
1214,Phoenix Canada Oil Company Limited,PCO,,,,,,,
1215,Phoenix Gold Resources Corp.,PXA,,,,,,,
1216,Physinorth Acquisition Corporation Inc.,PSN.P,,,,,,,
1217,Pieridae Energy Limited,PEA,,,,,,,
1218,Pine Trail Real Estate Investment Trust USD,PT.U,,,,,,,
1219,Pine Trail Real Estate Investment Trust,PT.UN,,,,,,,
1220,Pinecrest Resources Ltd.,PCR,,,,,,,
1221,Pinedale Energy Limited,MCF,,,,,,,
1222,Pinehurst Capital I Inc.,PHT.P,,,,,,,
1223,Pinehurst Capital II Inc.,PINH.P,,,,,,,
1224,Pioneering Technology Corp,PTE,,,,,,,
1225,Pipestone Energy Corp.,PIPE,,,,,,,
1226,Pipestone Energy Corp. wt 19may2021,PIPE.WT,,,,,,,
1227,Pistol Bay Mining Inc.,PST,,,,,,,
1228,PJX Resources Inc.,PJX,,,,,,,
1229,Planet Ventures Inc.,PXI,,,,,,,
1230,Plata Latina Minerals Corporation,PLA,,,,,,,
1231,Plateau Energy Metals Inc.,PLU,,,,,,,
1232,Platform 9 Capital Corp.,PN.P,,,,,,,
1233,Platform Eight Capital Corp.,PEC.P,,,,,,,
1234,Plato Gold Corp.,PGC,,,,,,,
1235,Playfair Mining Ltd.,PLY,,,,,,,
1236,PLB Capital Corp.,PLB.P,,,,,,,
1237,POCML 5 Inc.,PCML.P,,,,,,,
1238,POET Technologies Inc.,PTK,,,,,,,
1239,Point Loma Resources Ltd.,PLX,,,,,,,
1240,Point Loma Resources Ltd. Wts,PLX.WT,,,,,,,
1241,Pond Technologies Holdings Inc.,POND,,,,,,,
1242,Ponderous Panda Capital Corp.,PPCC.P,,,,,,,
1243,Pool Safe Inc.,POOL,,,,,,,
1244,Portofino Resources Inc.,POR,,,,,,,
1245,Power Group Projects Corp.,PGP,,,,,,,
1246,Power Metals Corp.,PWM,,,,,,,
1247,Powerband Solutions Inc.,PBX,,,,,,,
1248,PowerOre Inc.,PORE,,,,,,,
1249,Ppx Mining Corp.,PPX,,,,,,,
1250,Precipitate Gold Corp.,PRG,,,,,,,
1251,Premier Diversified Holdings Inc.,PDH,,,,,,,
1252,Prime Meridian Resources Corp,PMR,,,,,,,
1253,Primeline Energy Holdings Inc.,PEH,,,,,,,
1254,Prism Resources Inc.,PRS,,,,,,,
1255,Prize Mining Corporation,PRZ,,,,,,,
1256,ProAm Explorations Corporation,PMX,,,,,,,
1257,Probe Metals Inc.,PRB,,,,,,,
1258,Prodigy Ventures Inc.,PGV,,,,,,,
1259,Progressive Planet Solutions Inc.,PLAN,,,,,,,
1260,ProntoForms Corporation,PFM,,,,,,,
1261,Prospect Park Capital Corp.,PPK,,,,,,,
1262,Prosper Gold Corp.,PGX,,,,,,,
1263,Prospera Energy Inc.,PEI,,,,,,,
1264,Prospero Silver Corp.,PSL,,,,,,,
1265,Protech Home Medical Corp.,PTQ,,,,,,,
1266,Providence Gold Mines Inc.,PHD,,,,,,,
1267,Pulse Oil Corp.,PUL,,,,,,,
1268,Puma Exploration Inc.,PUMA,,,,,,,
1269,Pure Energy Minerals Limited,PE,,,,,,,
1270,Pure Global Cannabis Inc.,PURE,,,,,,,
1271,Pure Gold Mining Inc.,PGM,,,,,,,
1272,Pure Nickel Inc.,NIC,,,,,,,
1273,Purepoint Uranium Group Inc.,PTU,,,,,,,
1274,PyroGenesis Canada Inc.,PYR,,,,,,,
1275,Q-Gold Resources LTD.,QGR,,,,,,,
1276,QMC Quantum Minerals Corp,QMC,,,,,,,
1277,QMX Gold Corporation,QMX,,,,,,,
1278,Quadro Resources Ltd.,QRO,,,,,,,
1279,Quantum Blockchain Technologies Ltd.,QBC.P,,,,,,,
1280,Quantum Numbers Corp.,QNC,,,,,,,
1281,Quartz Mountain Resources Ltd.,QZM,,,,,,,
1282,Quaterra Resources Inc.,QTA,,,,,,,
1283,Quebec Precious Metals Corporation,CJC,,,,,,,
1284,Quendale Capital Corp.,QOC.P,,,,,,,
1285,Quest Pharmatech Inc.,QPT,,,,,,,
1286,Questor Technology Inc.,QST,,,,,,,
1287,Quinto Resources Inc.,QIT,,,,,,,
1288,Quisitive Technology Solutions Inc.,QUIS,,,,,,,
1289,Quorum Information Technologies Inc.,QIS,,,,,,,
1290,QX Metals Corp.,QX,,,,,,,
1291,Qyou Media Inc.,QYOU,,,,,,,
1292,R&R Real Estate Investment Trust,RRR.UN,,,,,,,
1293,Rackla Metals Inc.,RAK,,,,,,,
1294,Radient Technologies Inc.,RTI,,,,,,,
1295,Radisson Mining Resources Inc.,RDS,,,,,,,
1296,Radius Gold Inc.,RDU,,,,,,,
1297,Rainy Hollow Ventures Inc.,RHV.P,,,,,,,
1298,Rainy Mountain Royalty Corp,RMO,,,,,,,
1299,Raise Production Inc.,RPC,,,,,,,
1300,Rathdowney Resources Ltd.,RTH,,,,,,,
1301,Razor Energy Corp.,RZE,,,,,,,
1302,RE Royalties Ltd.,RE,,,,,,,
1303,Rebel Capital 2.0 Corp,RBZ.P,,,,,,,
1304,Rebel Capital Inc.,RBL.P,,,,,,,
1305,Reco International Group Inc.,RGI,,,,,,,
1306,Red Moon Resources Inc.,RMK,,,,,,,
1307,Red Pine Exploration Inc.,RPX,,,,,,,
1308,Red Pine Petroleum Ltd.,RPN,,,,,,,
1309,Red River Capital Corp.,XBT.P,,,,,,,
1310,Redishred Capital Corp,KUT,,,,,,,
1311,Redstar Gold Corp,RGC,,,,,,,
1312,Regent Pacific Properties Inc,RPP,,,,,,,
1313,Regulus Resources Inc,REG,,,,,,,
1314,Reko International Group Inc,REKO,,,,,,,
1315,Relevium Technologies Inc.,RLV,,,,,,,
1316,Reliq Health Technologies Inc.,RHT,,,,,,,
1317,Remington Resources Inc.,RGM,,,,,,,
1318,Renaissance Gold Inc.,REN,,,,,,,
1319,Renaissance Oil Corp,ROE,,,,,,,
1320,Renaissance Oil Corp. wt ex 31jul2019,ROE.WT,,,,,,,
1321,Renaissance Oil Corp. wt 06Oct2020,ROE.WT.A,,,,,,,
1322,Renaissance Oil Corp wt 05Mar2021,ROE.WT.B,,,,,,,
1323,RenoWorks Software Inc,RW,,,,,,,
1324,Replicel Life Sciences Inc.,RP,,,,,,,
1325,Resaas Services Inc.,RSS,,,,,,,
1326,Resolve Ventures Inc.,RSV,,,,,,,
1327,Return Energy Inc.,RTN,,,,,,,
1328,Reunion Gold Corporation,RGD,,,,,,,
1329,Revelo Resources Corp.,RVL,,,,,,,
1330,Revival Gold Inc.,RVG,,,,,,,
1331,Revive Therapeutics Ltd.,RVV,,,,,,,
1332,Rhyolite Resources Ltd,RYE,,,,,,,
1333,Richmond Minerals Inc.,RMD,,,,,,,
1334,Rider Investment Capital Corp.,RDR.P,,,,,,,
1335,Ridgestone Mining Inc.,RMI,,,,,,,
1336,RIFCO Inc.,RFC,,,,,,,
1337,Riley Resources Corp.,RLY,,,,,,,
1338,Ring The Bell Capital Corp.,RTB.P,,,,,,,
1339,Rio Silver Inc,RYO,,,,,,,
1340,Rio2 Limited,RIO,,,,,,,
1341,Risetech Capital Corp.,RTCC.P,,,,,,,
1342,Riverside Resources Inc,RRI,,,,,,,
1343,Rizal Resources Corporation,RZL,,,,,,,
1344,RJK Explorations Ltd.,RJX.A,,,,,,,
1345,RMR Science Technologies Inc.,RMS.P,,,,,,,
1346,Roadman Investments Corp.,LITT,,,,,,,
1347,Robex Resources Inc.,RBX,,,,,,,
1348,Rochester Resources Ltd.,RCT,,,,,,,
1349,Rock Tech Lithium Inc.,RCK,,,,,,,
1350,Rockhaven Resources Ltd,RK,,,,,,,
1351,Rockridge Resources Ltd.,ROCK,,,,,,,
1352,Rockwealth Resources Corp.,RWR,,,,,,,
1353,Rocky Mountain Liquor Inc.,RUM,,,,,,,
1354,Rocky Mountain Liquor Inc. db30Apr2021,RUM.DB.A,,,,,,,
1355,Rogue Resources Inc.,RRS,,,,,,,
1356,Rokmaster Resources Corp.,RKR,,,,,,,
1357,Romios Gold Resources Inc.,RG,,,,,,,
1358,Roscan Gold Corporation,ROS,,,,,,,
1359,Roughrider Exploration Limited,REL,,,,,,,
1360,Route1 Inc.,ROI,,,,,,,
1361,Routemaster Capital Inc.,RM,,,,,,,
1362,Rover Metals Corp.,ROVR,,,,,,,
1363,Royal Helium Ltd.,RHC,,,,,,,
1364,Royal Road Minerals Limited,RYR,,,,,,,
1365,Royalty North Partners Ltd.,RNP,,,,,,,
1366,Royalty North Partners Ltd. wt 01Sept2021,RNP.WT,,,,,,,
1367,RSI International Systems Inc,RSY,,,,,,,
1368,RT Minerals Corp.,RTM,,,,,,,
1369,Rugby Mining Limited,RUG,,,,,,,
1370,Running Fox Resource Corp.,RUN,,,,,,,
1371,Rupert Resources Ltd.,RUP,,,,,,,
1372,Rusoro Mining Ltd,RML,,,,,,,
1373,RYU Apparel Inc.,RYU,,,,,,,
1374,Sable Resources Ltd,SAE,,,,,,,
1375,Sahara Energy Ltd,SAH,,,,,,,
1376,Sailfish Royalty Corp.,FISH,,,,,,,
1377,Saint Jean Carbon Inc.,SJL,,,,,,,
1378,Salazar Resources Limited,SRL,,,,,,,
1379,Sama Resources Inc./Ressources Sama Inc.,SME,,,,,,,
1380,Samco Gold Limited,SGA,,,,,,,
1381,Samoth Oilfield Inc.,SCD,,,,,,,
1382,San Marco Resources Inc,SMN,,,,,,,
1383,Sanatana Resources Inc.,STA,,,,,,,
1384,Sandfire Resources America Inc.,SFR,,,,,,,
1385,Sandspring Resources Ltd.,SSP,,,,,,,
1386,Sangoma Technologies Corporation,STC,,,,,,,
1387,Sanibel Ventures Corp.,SBEL.P,,,,,,,
1388,Santacruz Silver Mining Ltd.,SCZ,,,,,,,
1389,Sarama Resources Ltd.,SWA,,,,,,,
1390,Sarment Holding Limited,SAIS,,,,,,,
1391,Satori Resources Inc.,BUD,,,,,,,
1392,Saturn Oil & Gas Inc.,SOIL,,,,,,,
1393,Savanna Capital Corp.,SAC.P,,,,,,,
1394,Saville Resources Inc.,SRE,,,,,,,
1395,Schooner Capital Corp.,SCH.P,,,,,,,
1396,Scorpio Gold Corporation,SGN,,,,,,,
1397,Scottie Resources Corp.,SCOT,,,,,,,
1398,ScoZinc Mining Ltd.,SZM,,,,,,,
1399,Search Minerals Inc.,SMY,,,,,,,
1400,Searchlight Resources Inc.,SCLT,,,,,,,
1401,Seashore Resources Partners Corp.,SSH.P,,,,,,,
1402,Secova Metals Corp.,SEK,,,,,,,
1403,Sego Resources Inc,SGZ,,,,,,,
1404,Select Sands Corp.,SNS,,,,,,,
1405,Sennen Potash Corporation,SN,,,,,,,
1406,Serengeti Resources Inc.,SIR,,,,,,,
1407,Sernova Corp.,SVA,,,,,,,
1408,Seven Aces Limited,ACES,,,,,,,
1409,ShaMaran Petroleum Corp,SNM,,,,,,,
1410,Shaw Communications Inc. cl A Part,SJR.A,,,,,,,
1411,Sherpa II Holdings Corp.,SHRP.P,,,,,,,
1412,Shine Minerals Corp.,SMR,,,,,,,
1413,Shooting Star Acquisition Corp.,SSSS.P,,,,,,,
1414,Shoshoni Gold Ltd.,SHJ,,,,,,,
1415,Sienna Resources Inc.,SIE,,,,,,,
1416,Sigma Lithium Resources Corporation,SGMA,,,,,,,
1417,Signature Resources Ltd.,SGU,,,,,,,
1418,Silver Grail Resources Ltd.,SVG,,,,,,,
1419,Silver Mountain Mines Inc.,SMM,,,,,,,
1420,Silver One Resources Inc.,SVE,,,,,,,
1421,Silver Predator Corp.,SPD,,,,,,,
1422,Silver Range Resources Ltd.,SNG,,,,,,,
1423,Silver Spruce Resources Inc.,SSE,,,,,,,
1424,Silver Viper Minerals Corp.,VIPR,,,,,,,
1425,SilverCrest Metals Inc.,SIL,,,,,,,
1426,Simba Essel Energy Inc.,SMB,,,,,,,
1427,Sintana Energy Inc.,SEI,,,,,,,
1428,SIQ Mountain Industries Inc.,SIQ,,,,,,,
1429,Sirios Resources Inc.,SOI,,,,,,,
1430,Sirona Biochem Corp,SBM,,,,,,,
1431,Siyata Mobile Inc.,SIM,,,,,,,
1432,Skeena Resources Limited,SKE,,,,,,,
1433,Sky Gold Corp.,SKYG,,,,,,,
1434,Skychain Technologies Inc.,SCT,,,,,,,
1435,Skyharbour Resources Ltd.,SYH,,,,,,,
1436,Skyscape Capital Inc.,SKY.P,,,,,,,
1437,SLAM Exploration Ltd,SXL,,,,,,,
1438,Smart Employee Benefits Inc.,SEB,,,,,,,
1439,SmartCool Systems Inc.,SSC,,,,,,,
1440,Smartset Services Inc.,SMAR.P,,,,,,,
1441,Smooth Rock Ventures Corp.,SOCK,,,,,,,
1442,Snipp Interactive Inc.,SPN,,,,,,,
1443,Société d'exploration minière Vior Inc.,VIO,,,,,,,
1444,Softrock Minerals Ltd,SFT,,,,,,,
1445,Sokoman Minerals Corp.,SIC,,,,,,,
1446,Solar Alliance Energy Inc.,SOLR,,,,,,,
1447,Solarvest BioEnergy Inc,SVS,,,,,,,
1448,SolidusGold Inc.,SDC,,,,,,,
1449,Solstice Gold Corp.,SGC,,,,,,,
1450,Solution Financial Inc.,SFI,,,,,,,
1451,Sonor Investments Limited 9% cum red 1st prf,SNI.PR.A,,,,,,,
1452,Sonora Gold & Silver Corp,SOC,,,,,,,
1453,Sonoro Energy Ltd.,SNV,,,,,,,
1454,Sonoro Metals Corp,SMO,,,,,,,
1455,South Star Mining Corp.,STS,,,,,,,
1456,Southern Arc Minerals Inc.,SA,,,,,,,
1457,Southern Energy Corp.,SOU,,,,,,,
1458,Southern Silver Exploration Corp,SSV,,,,,,,
1459,Spackman Equities Group Inc.,SQG,,,,,,,
1460,Spanish Mountain Gold Ltd,SPA,,,,,,,
1461,Sparta Capital Ltd.,SAY,,,,,,,
1462,Sparton Resources Inc,SRI,,,,,,,
1463,Specialty Liquid Transportation Corp.,SLT,,,,,,,
1464,Spectra Inc,SSA,,,,,,,
1465,Sphinx Resources Ltd.,SFX,,,,,,,
1466,Spirit Banner Capital Corp.,SBCC.P,,,,,,,
1467,Spirit Banner II Capital Corp.,SBTC.P,,,,,,,
1468,Sportscene Group Inc. cl A mv,SPS.A,,,,,,,
1469,Spot Coffee (Canada) Ltd.,SPP,,,,,,,
1470,Spruce Ridge Resources Ltd.,SHL,,,,,,,
1471,Spyder Cannabis Inc.,SPDR,,,,,,,
1472,SQI Diagnostics Inc,SQD,,,,,,,
1473,SRG Graphite Inc.,SRG,,,,,,,
1474,Stakeholder Gold Corp.,SRC,,,,,,,
1475,Stampede Drilling Inc.,SDI,,,,,,,
1476,Stamper Oil & Gas Corp.,STMP,,,,,,,
1477,Standard Lithium Ltd.,SLL,,,,,,,
1478,Stans Energy Corp,HRE,,,,,,,
1479,Starlight U.S. Multi-Family (No. 1) Class A,SUVA.A,,,,,,,
1480,Starlight U.S. Multi-Family (No. 1) Class U,SUVA.U,,,,,,,
1481,Starr Peak Exploration Ltd.,STE,,,,,,,
1482,Stellar AfricaGold Inc.,SPX,,,,,,,
1483,Stelmine Canada Ltd.,STH,,,,,,,
1484,Storagevault Canada Inc,SVI,,,,,,,
1485,Strata-X Energy Ltd.,SXE,,,,,,,
1486,Stratabound Minerals Corp.,SB,,,,,,,
1487,Strategem Capital Corporation,SGE,,,,,,,
1488,Strategic Metals Ltd.,SMD,,,,,,,
1489,Strategic Resources Inc.,SR,,,,,,,
1490,Stria Lithium Inc.,SRA,,,,,,,
1491,Strikepoint Gold Inc.,SKP,,,,,,,
1492,Strikewell Energy Corp,SKK,,,,,,,
1493,Strongbow Exploration Inc.,SBW,,,,,,,
1494,Stroud Resources Ltd.,SDR,,,,,,,
1495,Stuhini Exploration Ltd.,STU,,,,,,,
1496,Sugarbud Craft Growers Corp.,SUGR,,,,,,,
1497,Sugarbud Craft Growers Corp. wt 12sep2023,SUGR.WT,,,,,,,
1498,Summus Solutions N.V.,SS,,,,,,,
1499,Sun Metals Corp.,SUNM,,,,,,,
1500,Sunora Foods Inc.,SNF,,,,,,,
1501,Sunset Pacific Petroleum Ltd,SPK,,,,,,,
1502,Sunshine Agri-Tech Inc.,SAI,,,,,,,
1503,Superior Gold Inc.,SGI,,,,,,,
1504,Surge Copper Corp.,SURG,,,,,,,
1505,Surge Exploration Inc.,SUR,,,,,,,
1506,Sustainco Inc.,SMS,,,,,,,
1507,Sylogist Ltd.,SYZ,,,,,,,
1508,Synstream Energy Corp.,SHM,,,,,,,
1509,Tailwind Capital Corporation,TW.P,,,,,,,
1510,Tajiri Resources Corp.,TAJ,,,,,,,
1511,Tango Mining Limited,TGV,,,,,,,
1512,Taranis Resources Inc.,TRO,,,,,,,
1513,Target Capital Inc.,TCI,,,,,,,
1514,Targeted Microwave Solutions Inc.,TMS,,,,,,,
1515,Tarku Resources Ltd.,TKU,,,,,,,
1516,Telo Genomics Corp.,TELO,,,,,,,
1517,Telson Mining Corporation,TSN,,,,,,,
1518,Tembo Gold Corp.,TEM,,,,,,,
1519,Tenth Avenue Petroleum Corp.,TPC,,,,,,,
1520,Teras Resources Inc.,TRA,,,,,,,
1521,Terra Firma Capital Corporation,TII,,,,,,,
1522,Terrace Energy Corp.,TZR,,,,,,,
1523,Terrace Energy Corp. Deb,TZR.DB,,,,,,,
1524,Terraco Gold Corp.,TEN,,,,,,,
1525,Terrax Minerals Inc,TXR,,,,,,,
1526,Tesoro Minerals Corp.,TES,,,,,,,
1527,Tethyan Resources PLC,TETH,,,,,,,
1528,Tetra Bio-Pharma Inc.,TBP,,,,,,,
1529,Tetra Bio-Pharma Inc. wt ex 05Mar2021,TBP.WT,,,,,,,
1530,Teuton Resources Corp,TUO,,,,,,,
1531,The Alkaline Water Company Inc.,WTER,,,,,,,
1532,The Flowr Corporation,FLWR,,,,,,,
1533,The Mint Corporation,MIT,,,,,,,
1534,The Westaim Corporation,WED,,,,,,,
1535,The Westaim Corporation Preferred A,WED.PR.A,,,,,,,
1536,The Western Investment Company of Canada Limted,WI,,,,,,,
1537,The Wonderfilm Media Corporation,WNDR,,,,,,,
1538,Themac Resources Group Limited,MAC,,,,,,,
1539,Theralase Technologies Inc.,TLT,,,,,,,
1540,Therma Bright Inc.,THRM,,,,,,,
1541,Thermal Energy International Inc.,TMG,,,,,,,
1542,"theScore, Inc.",SCR,,,,,,,
1543,Thor Explorations Ltd,THX,,,,,,,
1544,"Thunder Mountain Gold, Inc.",THM,,,,,,,
1545,Thunderbird Entertainment Group Inc.,TBRD,,,,,,,
1546,Thunderstruck Resources Ltd.,AWE,,,,,,,
1547,Tiger International Resources Inc.,TGR,,,,,,,
1548,Till Capital Ltd.,TIL,,,,,,,
1549,Timberline Resources Corporation,TBR,,,,,,,
1550,Timeless Capital Corp.,TLC.P,,,,,,,
1551,Timia Capital Corp.,TCA,,,,,,,
1552,Tinka Resources Limited,TK,,,,,,,
1553,Tinkerine Studios Ltd.,TTD,,,,,,,
1554,Tintina Mines Ltd,TTS,,,,,,,
1555,Tisdale Resources Corp.,TRC,,,,,,,
1556,Titan Logix Corp,TLA,,,,,,,
1557,Titanium Corporation Inc.,TIC,,,,,,,
1558,Titanium Transportation Group Inc.,TTR,,,,,,,
1559,TitanStar Properties Inc.,TSP,,,,,,,
1560,TitanStar Properties Inc. db30sep2020,TSP.DB.A,,,,,,,
1561,TNR Gold Corp.,TNR,,,,,,,
1562,Toachi Mining Inc.,TIM,,,,,,,
1563,TomaGold Corporation,LOT,,,,,,,
1564,Tornado Global Hydrovacs Ltd.,TGH,,,,,,,
1565,Torq Resources Inc.,TORQ,,,,,,,
1566,Torrent Capital Ltd.,TORR,,,,,,,
1567,Total Telcom Inc.,TTZ,,,,,,,
1568,Totally Hip Technologies Inc.,THP,,,,,,,
1569,Tower Resources Ltd.,TWR,,,,,,,
1570,Trackx Holdings Inc.,TKX,,,,,,,
1571,Trakopolis Iot Corp.,TRAK,,,,,,,
1572,Transatlantic Mining Corp.,TCO,,,,,,,
1573,Transcontinental Gold Corp.,TCG.P,,,,,,,
1574,Transition Metals Corp.,XTM,,,,,,,
1575,Traverse Energy Ltd,TVL,,,,,,,
1576,Trenchant Capital Corp.,TCC,,,,,,,
1577,Trenchant Capital Corp. DB32MAR2022,TCC.DB,,,,,,,
1578,Trenchant Capital Corp. db31jan2023,TCC.DB.A,,,,,,,
1579,Tres-Or Resources Ltd.,TRS,,,,,,,
1580,Tri Origin Exploration Ltd.,TOE,,,,,,,
1581,Trifecta Gold Ltd.,TG,,,,,,,
1582,Trigon Metals Inc.,TM,,,,,,,
1583,TriStar Gold Inc.,TSG,,,,,,,
1584,Triumph Gold Corp.,TIG,,,,,,,
1585,Troubadour Resources Inc.,TR,,,,,,,
1586,True North Gems Inc.,TGX,,,,,,,
1587,Trueclaim Exploration Inc.,TRM,,,,,,,
1588,Trustbix Inc.,TBIX,,,,,,,
1589,Tsodilo Resources Limited,TSD,,,,,,,
1590,Tudor Gold Corp,TUD,,,,,,,
1591,Tvi Pacific Inc.,TVI,,,,,,,
1592,Twyford Ventures Inc,TWY,,,,,,,
1593,Typhoon Exploration Inc,TYP,,,,,,,
1594,Ucore Rare Metals Inc,UCU,,,,,,,
1595,UGE International Ltd.,UGE,,,,,,,
1596,Ultra Lithium Inc.,ULI,,,,,,,
1597,Unigold Inc.,UGD,,,,,,,
1598,Unilock Capital Corp.,UUU.P,,,,,,,
1599,Uniserve Communications Corporation,USS,,,,,,,
1600,United Hunter Oil & Gas Corp.,UHO,,,,,,,
1601,Unity Metals Corp.,UTY,,,,,,,
1602,Universal Copper Ltd.,UNV,,,,,,,
1603,Universal mCloud Corp.,MCLD,,,,,,,
1604,Uravan Minerals Inc.,UVN,,,,,,,
1605,Urbanfund Corp.,UFC,,,,,,,
1606,Urbangold Minerals Inc.,UGM,,,,,,,
1607,Urbanimmersive Inc.,UI,,,,,,,
1608,USHA Resources Ltd.,USHA.P,,,,,,,
1609,Val-d?Or Mining Corporation,VZZ,,,,,,,
1610,Valdor Technology International Inc.,VTI,,,,,,,
1611,Valdy Investments Ltd.,VLDY.P,,,,,,,
1612,Valore Metals Corp.,VO,,,,,,,
1613,Valterra Resource Corporation,VQA,,,,,,,
1614,Value Capital Trust,VLU.P,,,,,,,
1615,Vanadian Energy Corp.,VEC,,,,,,,
1616,Vanadium One Iron Corp.,VONE,,,,,,,
1617,Vanadiumcorp Resources Inc.,VRB,,,,,,,
1618,Vangold mining Corp.,VAN,,,,,,,
1619,Vanity Capital Inc,VYC,,,,,,,
1620,Vanstar Mining Resources Inc,VSR,,,,,,,
1621,Vantex Resources Ltd.,VAX,,,,,,,
1622,Vatic Ventures Corp,VCV,,,,,,,
1623,Vaxil Bio Ltd.,VXL,,,,,,,
1624,Vela Minerals Ltd.,VLA,,,,,,,
1625,Velocity Minerals Ltd.,VLC,,,,,,,
1626,Vendetta Mining Corp,VTT,,,,,,,
1627,Venerable Ventures Ltd.,VLV,,,,,,,
1628,VentriPoint Diagnostics Ltd.,VPT,,,,,,,
1629,Venzee Technologies Inc.,VENZ,,,,,,,
1630,VersaPay Corporation,VPY,,,,,,,
1631,Vertex Resource Group Ltd.,VTX,,,,,,,
1632,Vertical Exploration Inc.,VERT,,,,,,,
1633,Victoria Gold Corp,VIT,,,,,,,
1634,Victory Capital Corp.,VIC.P,,,,,,,
1635,Victory Metals Inc.,VMX,,,,,,,
1636,Vigil Health Solutions Inc,VGL,,,,,,,
1637,VIQ Solutions Inc.,VQS,,,,,,,
1638,Virginia Energy Resources Inc.,VUI,,,,,,,
1639,Viscount Mining Corp.,VML,,,,,,,
1640,Visible Gold Mines Inc.,VGD,,,,,,,
1641,Vision Lithium Inc.,VLI,,,,,,,
1642,Visionstate Corp.,VIS,,,,,,,
1643,Vital Energy Inc.,VUX,,,,,,,
1644,Vitalhub Corp.,VHI,,,,,,,
1645,Vitality Products Inc.,VPI,,,,,,,
1646,Vitreous Glass Inc,VCI,,,,,,,
1647,Viva Gold Corp.,VAU,,,,,,,
1648,Vivere Communities Inc.,VCOM,,,,,,,
1649,Vivo Cannabis Inc.,VIVO,,,,,,,
1650,Vizsla Resources Corp.,VZLA,,,,,,,
1651,Volcanic Gold Mines Inc.,VG,,,,,,,
1652,Voleo Trading Systems Inc.,TRAD,,,,,,,
1653,Volt Energy Corp.,VOLT,,,,,,,
1654,Voltaic Minerals Corp.,VLT,,,,,,,
1655,Von Capital Corp.,VON.P,,,,,,,
1656,Voti Detection Inc.,VOTI,,,,,,,
1657,Voyager Digital (Canada) Ltd.,VYGR,,,,,,,
1658,Voyageur Minerals Ltd.,VM,,,,,,,
1659,VR Resources Ltd.,VRR,,,,,,,
1660,Vulcan Minerals Inc,VUL,,,,,,,
1661,VVC Exploration Corporation,VVC,,,,,,,
1662,Walker River Resources Corp.,WRR,,,,,,,
1663,Warrior Gold Inc.,WAR,,,,,,,
1664,Waseco Resources Inc,WRI,,,,,,,
1665,Water Ways Technologies Inc.,WWT,,,,,,,
1666,Wavefront Technology Solutions Inc,WEE,,,,,,,
1667,Waverley Pharma Inc.,WAVE,,,,,,,
1668,Wealth Minerals Ltd,WML,,,,,,,
1669,WeedMD Inc.,WMD,,,,,,,
1670,Well Health Technologies Corp.,WELL,,,,,,,
1671,Wescan Energy Corp.,WCE,,,,,,,
1672,Wescan Goldfields Inc.,WGF,,,,,,,
1673,West High Yield (W.H.Y.) Resources Ltd,WHY,,,,,,,
1674,West Kirkland Mining Inc,WKM,,,,,,,
1675,WestBond Enterprises Corporation,WBE,,,,,,,
1676,Westcore Energy Ltd.,WTR,,,,,,,
1677,Western Atlas Resources Inc,WA,,,,,,,
1678,Western Magnesium Corporation,WMG,,,,,,,
1679,Western Pacific Resources Corp.,WRP,,,,,,,
1680,Western Pacific Trust Company,WP,,,,,,,
1681,Western Troy Cap Res Inc.,WRY,,,,,,,
1682,Westhaven Ventures Inc,WHN,,,,,,,
1683,WestKam Gold Corp.,WKG,,,,,,,
1684,Westleaf Inc.,WL,,,,,,,
1685,Westleaf Inc. db10may2022,WL.DB,,,,,,,
1686,Westleaf Inc. wt 15may2022,WL.WT,,,,,,,
1687,Westminster Resources Ltd.,WMR,,,,,,,
1688,White Gold Corp.,WGO,,,,,,,
1689,White Metal Resources Corp.,WHM,,,,,,,
1690,Wi2Wi Corporation,YTY,,,,,,,
1691,Wildsky Resources Inc.,WSK,,,,,,,
1692,Wilton Resources Inc,WIL,,,,,,,
1693,Winston Capital Group Inc.,WNST.P,,,,,,,
1694,Wolf Acquisition Corp.,WOLF.P,,,,,,,
1695,Wolfden Resources Corporation,WLF,,,,,,,
1696,Wolverine Energy and Infrastructure Inc.,WEII,,,,,,,
1697,Woodbridge Ventures Inc.,WOOD.P,,,,,,,
1698,Wow Unlimited Media Inc.,WOW,,,,,,,
1699,X-Terra Resources Inc,XTT,,,,,,,
1700,Xander Resources Inc.,XND,,,,,,,
1701,Xebec Adsorption Inc.,XBC,,,,,,,
1702,Xiana Mining Inc.,XIA,,,,,,,
1703,XIB I Capital Corp.,XIB.P,,,,,,,
1704,Ximen Mining Corp.,XIM,,,,,,,
1705,"XPEL, Inc.",DAP.U,,,,,,,
1706,Xtierra Inc,XAG,,,,,,,
1707,XXL Energy Corp,XL,,,,,,,
1708,Yangaroo Inc.,YOO,,,,,,,
1709,YDX Innovation Corp.,YDX,,,,,,,
1710,Ynvisible Interactive Inc.,YNV,,,,,,,
1711,Yorkton Ventures Inc,YVI,,,,,,,
1712,YSS Corp.,YSS,,,,,,,
1713,Zadar Ventures Ltd.,ZAD,,,,,,,
1714,Zecotek Photonics Inc,ZMS,,,,,,,
1715,Zedcor Energy Inc.,ZDC,,,,,,,
1716,Zen Graphene Solutions Ltd.,ZEN,,,,,,,
1717,Zenith Energy Ltd.,ZEE,,,,,,,
1718,Zephyr Minerals Ltd.,ZFR,,,,,,,
1719,Zimtu Capital Corp.,ZC,,,,,,,
1720,Zinc One Resources Inc.,Z,,,,,,,
1721,Zincx Resources Corp.,ZNX,,,,,,,
1722,Zomedica Pharmaceuticals Corp,ZOM,,,,,,,
1723,Zonetail Inc.,ZONE,,,,,,,
1724,Zonte Metals Inc.,ZON,,,,,,,
1725,Zoomaway Travel Inc.,ZMA,,,,,,,
1726,ZoomerMedia Limited,ZUM,,,,,,,
