Index,Company,Symbol,Price,Sector,Industry,NAICS,Beta,PE,EPS
1,01 Communique Laboratory Inc.,ONE,,,,,,,
2,1911 Gold Corporation,AUMB,,,,,,,
3,48North Cannabis Corp.,NRTH,,,,,,,
4,48North Cannabis Corp. wt 02apr2024,NRTH.WT,,,,,,,
5,49 North Resources Inc.,FNR,,,,,,,
6,9 Capital Corp.,NCPL.P,,,,,,,
7,A.I.S. Resources Limited,AIS,,,,,,,
8,A2Z Technologies Canada Corp.,AZ,,,,,,,
9,AAJ Capital 2 Corp.,AAJC.P,,,,,,,
10,Abacus Mining & Exploration Corporation,AME,,,,,,,
11,Abcourt Mines Inc.,ABI,,,,,,,
12,Aben Resources Ltd.,ABN,,,,,,,
13,Abigail Capital Corporation,ACC.P,,,,,,,
14,Abitibi Royalties Inc.,RZZ,,,,,,,
15,Abraplata Resource Corp.,ABRA,,,,,,,
16,Academy Metals Inc.,AM,,,,,,,
17,Acasti Pharma Inc.,ACST,,,,,,,
18,Acceleware Ltd.,AXE,,,,,,,
19,Ackroo Inc.,AKR,,,,,,,
20,Adamera Minerals Corp.,ADZ,,,,,,,
21,Adcore Inc.,ADCO,,,,,,,
22,Adex Mining Inc,ADE,,,,,,,
23,ADL Ventures Inc.,AVI.P,,,,,,,
24,Advance Gold Corp.,AAX,,,,,,,
25,Advanced Proteome Therapeutics Corporation,APC,,,,,,,
26,Advent-AWI Holdings Inc.,AWI,,,,,,,
27,Adventus Mining Corporation,ADZN,,,,,,,
28,ADYA Inc.,ADYA,,,,,,,
29,Aequus Pharmaceuticals Inc.,AQS,,,,,,,
30,Aequus Pharmaceuticals Inc. db02May2022,AQS.DB,,,,,,,
31,Aequus Pharmaceuticals Inc. wt 02May2022,AQS.WT,,,,,,,
32,AEX Gold Inc.,AEX,,,,,,,
33,AF1 Capital Corp.,AFC.P,,,,,,,
34,Affinity Metals Corp.,AFF,,,,,,,
35,Africa Energy Corp.,AFE,,,,,,,
36,"African Gold Group, Inc.",AGG,,,,,,,
37,Aftermath Silver Ltd.,AAG,,,,,,,
38,Aguila American Gold Limited,AGL,,,,,,,
39,AIM4 Ventures Inc.,AIMD.P,,,,,,,
40,Aiml Resources Inc.,AIML,,,,,,,
41,AirIQ Inc,IQ,,,,,,,
42,A-Labs Capital I Corp.,ALBS.P,,,,,,,
43,A-Labs Capital II Corp.,ALAB.P,,,,,,,
44,A-Labs Capital IV Corp.,ALCC.P,,,,,,,
45,Aldebaran Resources Inc.,ALDE,,,,,,,
46,Algold Resources Ltd.,ALG,,,,,,,
47,Alianza Minerals Ltd.,ANZ,,,,,,,
48,Allegiant Gold Ltd.,AUAU,,,,,,,
49,Alliance Mining Corp.,ALM,,,,,,,
50,Allied Hotel Properties Inc.,AHP,,,,,,,
51,Almadex Minerals Ltd.,DEX,,,,,,,
52,Aloro Mining Corp.,AORO,,,,,,,
53,Alpha Lithium Corporation,ALLI,,,,,,,
54,Alphamin Resources Corp.,AFM,,,,,,,
55,Alphanco Venture Corp.,AVC.P,,,,,,,
56,Alphinat Inc.,NPA,,,,,,,
57,Altai Resources Inc,ATI,,,,,,,
58,Altair Resources Inc.,AVX,,,,,,,
59,Altamira Gold Corp.,ALTA,,,,,,,
60,Altan Nevada Minerals Limited,ANE,,,,,,,
61,Altima Resources Ltd.,ARH,,,,,,,
62,Altiplano Metals Inc.,APN,,,,,,,
63,Alto Ventures Ltd.,ATV,,,,,,,
64,Altura Energy Inc.,ATU,,,,,,,
65,Alturas Minerals Corp,ALT,,,,,,,
66,Altus Strategies PLC,ALTS,,,,,,,
67,Alvopetro Energy Ltd.,ALV,,,,,,,
68,ALX Resources Corp.,AL,,,,,,,
69,AM Resources Corp.,AMR,,,,,,,
70,Amarc Resources Ltd.,AHR,,,,,,,
71,Amarillo Gold Corporation,AGC,,,,,,,
72,American Creek Resources Ltd,AMK,,,,,,,
73,American Lithium Corp.,LI,,,,,,,
74,American Manganese Inc,AMY,,,,,,,
75,Amex Exploration Inc.,AMX,,,,,,,
76,Amilot Capital Inc.,TOM,,,,,,,
77,AMV Capital Corporation,AMV,,,,,,,
78,Amwolf Capital Corp.,AMW.P,,,,,,,
79,AnalytixInsight Inc.,ALY,,,,,,,
80,ANC Capital Ventures Inc.,ANCV.P,,,,,,,
81,Anconia Resources Corp.,ARA,,,,,,,
82,Anfield Energy Inc.,AEC,,,,,,,
83,Angel Gold Corp.,ANG,,,,,,,
84,Angkor Resources Corp.,ANK,,,,,,,
85,Angus Ventures Inc.,GUS,,,,,,,
86,Antalis Ventures Corp.,ANTV.P,,,,,,,
87,Antera Ventures I Corp.,ANTI.P,,,,,,,
88,Antibe Therapeutics Inc.,ATE,,,,,,,
89,Antioquia Gold Inc,AGD,,,,,,,
90,Antler Gold Inc.,ANTL,,,,,,,
91,Apex Resources Inc.,APX,,,,,,,
92,Aphelion Capital Corp.,APHE.P,,,,,,,
93,Apollo Gold Corp.,APGO,,,,,,,
94,Appili Therapeutics Inc.,APLI,,,,,,,
95,Appreciated Media Holdings Inc.,AMH,,,,,,,
96,Appulse Corporation,APL,,,,,,,
97,Apteryx Imaging Inc.,XRAY,,,,,,,
98,Aquarius AI Inc.,AQUA,,,,,,,
99,Arbor Metals Corp.,ABR,,,,,,,
100,Arch Biopartners Inc.,ARCH,,,,,,,
101,Archon Minerals Ltd.,ACS,,,,,,,
102,Arcpacific Resources Corp.,ACP,,,,,,,
103,Arctic Hunter Energy Inc.,AHU,,,,,,,
104,Arctic Star Exploration Corp.,ADD,,,,,,,
105,Arcus Development Group Inc,ADG,,,,,,,
106,Arcwest Exploration Inc.,AWX,,,,,,,
107,Arena Minerals Inc.,AN,,,,,,,
108,Ares Strategic Mining Inc.,ARS,,,,,,,
109,Argentina Lithium and Energy Corp.,LIT,,,,,,,
110,Argentum Silver Corp,ASL,,,,,,,
111,ARHT Media Inc.,ART,,,,,,,
112,Arianne Phosphate Inc.,DAN,,,,,,,
113,Arizona Metals Corp.,AMC,,,,,,,
114,Arizona Silver Exploration Inc.,AZS,,,,,,,
115,Armada Data Corporation,ARD,,,,,,,
116,Armor Minerals Inc.,A,,,,,,,
117,Arrow Exploration Corp.,AXL,,,,,,,
118,Artemis Gold Inc.,ARTG,,,,,,,
119,Ashanti Sankofa Inc.,ASI,,,,,,,
120,ASIABASEMETALS INC.,ABZ,,,,,,,
121,Asian Mineral Resources Limited,ASN,,,,,,,
122,Asian Television Network International Ltd.,SAT,,,,,,,
123,Assure Holdings Corp.,IOM,,,,,,,
124,Aston Bay Holdings Ltd.,BAY,,,,,,,
125,Astron Connect Inc.,AST,,,,,,,
126,ATAC Resources Ltd.,ATC,,,,,,,
127,ATEX Resources Inc.,ATX,,,,,,,
128,Athabasca Minerals Inc,AMI,,,,,,,
129,ATI Airtest Technologies Inc.,AAT,,,,,,,
130,Atico Mining Corporation,ATY,,,,,,,
131,Atlas Engineered Products Ltd.,AEP,,,,,,,
132,Aton Resources Inc.,AAN,,,,,,,
133,ATW Tech Inc.,ATW,,,,,,,
134,Aura Resources Inc.,AUU,,,,,,,
135,Auralite Investments Inc.,AAAA,,,,,,,
136,Auramex Resource Corp.,AUX,,,,,,,
137,Aurania Resources Ltd.,ARU,,,,,,,
138,Aurcana Corporation,AUN,,,,,,,
139,AurCrest Gold Inc.,AGO,,,,,,,
140,Aurelius Minerals Inc.,AUL,,,,,,,
141,Aurex Energy Corp.,AURX,,,,,,,
142,Aurion Resources Ltd,AU,,,,,,,
143,Aurora Solar Technologies Inc.,ACU,,,,,,,
144,Aurora Spine Corporation,ASG,,,,,,,
145,Auston Capital Corp.,ASTN.P,,,,,,,
146,Austral Gold Limited,AGLD,,,,,,,
147,Automotive Finco Corp.,AFCC,,,,,,,
148,Auxly Cannabis Group Inc.,XLY,,,,,,,
149,Avante Logixx Inc.,XX,,,,,,,
150,Avanti Energy Inc.,AVN,,,,,,,
151,Avidian Gold Corp.,AVG,,,,,,,
152,Avivagen Inc.,VIV,,,,,,,
153,Avricore Health Inc.,AVCR,,,,,,,
154,Avrupa Minerals Ltd,AVU,,,,,,,
155,Awale Resources Limited,ARIC,,,,,,,
156,Axion Ventures Inc.,AXV,,,,,,,
157,Axis Auto Finance Inc.,AXIS,,,,,,,
158,AXMIN Inc.,AXM,,,,,,,
159,Azarga Metals Corp.,AZR,,,,,,,
160,Azimut Exploration Inc.,AZM,,,,,,,
161,Azincourt Energy Corp.,AAZ,,,,,,,
162,Aztec Minerals Corp.,AZT,,,,,,,
163,Azucar Minerals Ltd.,AMZ,,,,,,,
164,Backstageplay Inc.,BP,,,,,,,
165,Baltic I Acquisition Corp.,BLTC.P,,,,,,,
166,Bankers Cobalt Corp.,BANC,,,,,,,
167,Banyan Gold Corp.,BYN,,,,,,,
168,Bard Ventures Ltd.,CBS,,,,,,,
169,Barksdale Resources Corp.,BRO,,,,,,,
170,Baroyeca Gold & Silver Inc.,BGS,,,,,,,
171,Barrian Mining Corp.,BARI,,,,,,,
172,Barsele Minerals Corp.,BME,,,,,,,
173,Batero Gold Corp,BAT,,,,,,,
174,Battery Road Capital Corp.,BTRY.P,,,,,,,
175,Bayhorse Silver Inc.,BHS,,,,,,,
176,Bayshore Petroleum Corp,BSH,,,,,,,
177,BB1 Acquisition Corp.,BBA.P,,,,,,,
178,BCM Resources Corporation,B,,,,,,,
179,Bear Creek Mining Corporation,BCM,,,,,,,
180,Bearing Lithium Corp.,BRZ,,,,,,,
181,Beauce Gold Fields Inc.,BGF,,,,,,,
182,Bee Vectoring Technologies International Inc.,BEE,,,,,,,
183,Bell Copper Corporation,BCU,,,,,,,
184,Belmont Resources Inc.,BEA,,,,,,,
185,Bemetals Corp.,BMET,,,,,,,
186,Benchmark Metals Inc.,BNCH,,,,,,,
187,Benton Resources Inc.,BEX,,,,,,,
188,Benz Mining Corp.,BZ,,,,,,,
189,Berkwood Resources Ltd.,BKR,,,,,,,
190,Bessor Minerals Inc.,BST,,,,,,,
191,Betteru Education Corp.,BTRU,,,,,,,
192,BeWhere Holdings Inc.,BEW,,,,,,,
193,Big Dougie Capital Corp.,STUV.P,,,,,,,
194,Bioasis Technologies Inc.,BTI,,,,,,,
195,BioNeutra Global Corporation,BGA,,,,,,,
196,Biorem Inc.,BRM,,,,,,,
197,BioSyent Inc.,RX,,,,,,,
198,Bitfarms Ltd.,BITF,,,,,,,
199,Bitterroot Resources Ltd.,BTT,,,,,,,
200,Black Mammoth Metals Corporation,BMM,,,,,,,
201,Blackheath Resources Inc.,BHR,,,,,,,
202,Blackline Safety Corp.,BLN,,,,,,,
203,Blackrock Gold Corp.,BRC,,,,,,,
204,Blacksteel Energy Inc.,BEY,,,,,,,
205,Blind Creek Resources Ltd.,BCK,,,,,,,
206,Blockchaink2 Corp.,BITK,,,,,,,
207,Blockmint Technologies Inc.,BKMT,,,,,,,
208,Blue Moon Zinc Corp.,MOON,,,,,,,
209,Blue River Resources Ltd.,BXR,,,,,,,
210,Blue Sky Uranium Corp.,BSK,,,,,,,
211,Blue Star Gold Corp.,BAU,,,,,,,
212,Blue Thunder Mining Inc.,BLUE,,,,,,,
213,Bluebird Battery Metals Inc.,BATT,,,,,,,
214,Bluerush Inc.,BTV,,,,,,,
215,Bluestone Resources Inc.,BSR,,,,,,,
216,Bluewater Acquisition Corp.,BAQ.P,,,,,,,
217,BluMetric Environmental Inc.,BLM,,,,,,,
218,BMGB Capital Corp.,BMGB.P,,,,,,,
219,Boardwalktech Software Corp.,BWLK,,,,,,,
220,Bold Capital Enterprises Ltd.,BOLD.P,,,,,,,
221,Bold Ventures Inc.,BOL,,,,,,,
222,Bonterra Resources Inc.,BTR,,,,,,,
223,Boreal Metals Corp.,BMX,,,,,,,
224,Boundary Gold and Copper Mining Ltd.,BDGC,,,,,,,
225,BPLI Holdings Inc.,BPLI,,,,,,,
226,BQE Water Inc.,BQE,,,,,,,
227,Brachium Capital Corp.,BRAC.P,,,,,,,
228,Bragg Gaming Group Inc.,BRAG,,,,,,,
229,Braille Energy Systems Inc.,BES,,,,,,,
230,Brattle Street Investment Corp.,BRTL,,,,,,,
231,Bravada Gold Corporation,BVA,,,,,,,
232,Braveheart Resources Inc.,BHT,,,,,,,
233,BriaCell Therapeutics Corp.,BCT,,,,,,,
234,Brixton Metals Corporation,BBB,,,,,,,
235,Brockton Ventures Inc.,BROC.P,,,,,,,
236,Brookfield Investments Corporation pref sr A,BRN.PR.A,,,,,,,
237,Brunswick Resources Inc.,BRU,,,,,,,
238,BTU Metals Corp.,BTU,,,,,,,
239,Buckhaven Capital Corp.,BKH.P,,,,,,,
240,Buffalo Coal Corp.,BUF,,,,,,,
241,Builders Capital Mortgage Corp.,BCF,,,,,,,
242,BuzBuz Capital Corp.,BZBZ.P,,,,,,,
243,Buzz Capital 2 Inc.,BUZH.P,,,,,,,
244,BWR Exploration Inc.,BWR,,,,,,,
245,Cabral Gold Inc.,CBR,,,,,,,
246,Cache Exploration Inc,CAY,,,,,,,
247,Cadillac Ventures Inc.,CDC,,,,,,,
248,Caldas Gold Corp.,CGC,,,,,,,
249,California Nanotechnologies Corp,CNO,,,,,,,
250,Callinex Mines Inc.,CNX,,,,,,,
251,Calyx Ventures Inc.,CYX,,,,,,,
252,Cameo Industries Corp.,CRU,,,,,,,
253,Camino Minerals Corporation,COR,,,,,,,
254,Camrova Resources Inc.,CAV,,,,,,,
255,Canada Carbon Inc.,CCB,,,,,,,
256,Canada Jetlines Ltd.,JET,,,,,,,
257,Canada Nickel Company Inc.,CNC,,,,,,,
258,Canada One Mining Corp.,CONE,,,,,,,
259,Canada Rare Earth Corp.,LL,,,,,,,
260,Canada Silver Cobalt Works Inc.,CCW,,,,,,,
261,Canadabis Capital Inc.,CANB,,,,,,,
262,Canadian Oil Recovery & Remediation Enterprises Ltd.,CVR,,,,,,,
263,Canadian Premium Sand Inc.,CPS,,,,,,,
264,Canadian Spirit Resources Inc.,SPI,,,,,,,
265,Canaf Investments Inc.,CAF,,,,,,,
266,Canalaska Uranium Ltd.,CVV,,,,,,,
267,Canasil Resources Inc.,CLZ,,,,,,,
268,Candelaria Mining Corp.,CAND,,,,,,,
269,Candente Gold Corp.,CDG,,,,,,,
270,Canex Metals Inc.,CANX,,,,,,,
271,Canickel Mining Limited,CML,,,,,,,
272,Canna 8 Investment Trust,RCR.P,,,,,,,
273,Cann-is Capital Corp.,NIS.P,,,,,,,
274,Canoe Mining Ventures Corp.,CLV,,,,,,,
275,CANSO SELECT OPPORTUNITIES CORP A,CSOC.A,,,,,,,
276,CANSO SELECT OPPORTUNITIES CORP B,CSOC.B,,,,,,,
277,Canstar Resources Inc.,ROX,,,,,,,
278,Canterra Minerals Corporation,CTM,,,,,,,
279,Cantex Mine Development Corp.,CD,,,,,,,
280,Canuc Resources Corporation,CDA,,,,,,,
281,Canyon Creek Food Company Ltd.,CYF,,,,,,,
282,Cardero Resource Corp.,CDU,,,,,,,
283,"CardioComm Solutions, Inc.",EKG,,,,,,,
284,Cariboo Rose Resources Ltd,CRB,,,,,,,
285,Carlin Gold Corporation,CGD,,,,,,,
286,Cartier Resources Inc,ECR,,,,,,,
287,Carube Copper Corp.,CUC,,,,,,,
288,CASA Minerals Inc.,CASA,,,,,,,
289,Cascadero Copper Corporation,CCD,,,,,,,
290,Cassowary Capital Corporation Limited,BIRD.P,,,,,,,
291,Castle Peak Mining Ltd.,CAP,,,,,,,
292,Castlebar Capital Corp.,CBAR.P,,,,,,,
293,Castlecap Capital Inc.,CSTL.P,,,,,,,
294,CBLT Inc.,CBLT,,,,,,,
295,C-Com Satellite Systems Inc.,CMI,,,,,,,
296,CE Brands Inc.,CEBI.P,,,,,,,
297,Ceapro Inc.,CZO,,,,,,,
298,Cematrix Corporation,CVX,,,,,,,
299,Centaurus Energy Inc.,CTA,,,,,,,
300,Central Iron Ore Limited,CIO,,,,,,,
301,Central Timmins Exploration Corp.,CTEC,,,,,,,
302,Centurion Minerals Ltd.,CTN,,,,,,,
303,Century Metals Inc.,CMET,,,,,,,
304,Ceylon Graphite Corp.,CYL,,,,,,,
305,CF Energy Corp.,CFY,,,,,,,
306,CGX Energy Inc.,OYL,,,,,,,
307,Chakana Copper Corp.,PERU,,,,,,,
308,Champion Bear Resources Ltd.,CBA,,,,,,,
309,Char Technologies Ltd.,YES,,,,,,,
310,Chatham Rock Phosphate Limited,NZP,,,,,,,
311,Cherry Street Capital Inc.,CHSC.P,,,,,,,
312,Chesapeake Gold Corp.,CKG,,,,,,,
313,Chibougamau Independent Mines Inc.,CBG,,,,,,,
314,Chilean Metals Inc.,CMX,,,,,,,
315,China Education Resources Inc.,CHN,,,,,,,
316,Cinaport Acquisition Corp. III,CAC.P,,,,,,,
317,Circa Enterprises Inc,CTO,,,,,,,
318,Claren Energy Corp.,CEN,,,,,,,
319,Clarmin Explorations Inc.,CX,,,,,,,
320,Clean Air Metals Inc.,AIR,,,,,,,
321,Clean Seed Capital Group Ltd.,CSX,,,,,,,
322,Clear Blue Technologies International Inc.,CBLU,,,,,,,
323,Clearford Water Systems Inc.,CLI,,,,,,,
324,Cleghorn Minerals Ltd,CZZ,,,,,,,
325,Cliffside Capital Ltd.,CEP,,,,,,,
326,CMC Metals Ltd.,CMB,,,,,,,
327,CO2 GRO Inc.,GROW,,,,,,,
328,Cobalt Blockchain Inc.,COBC,,,,,,,
329,Cobra Venture Corporation,CBV,,,,,,,
330,Coin Hodl Inc.,COIN,,,,,,,
331,Colibri Resource Corporation,CBI,,,,,,,
332,Colonial Coal International Corp,CAD,,,,,,,
333,Colorado Resources Ltd,CXO,,,,,,,
334,Comet Industries Ltd.,CMU,,,,,,,
335,Commander Resources Ltd.,CMD,,,,,,,
336,Commerce Resources Corp.,CCE,,,,,,,
337,Compass Gold Corporation,CVB,,,,,,,
338,Composite Alliance Group Inc.,CAG,,,,,,,
339,Comstock Metals Ltd.,CSL,,,,,,,
340,Condor Resources Inc,CN,,,,,,,
341,Confederation Minerals Ltd.,CFM,,,,,,,
342,Conic Metals Corp.,NKL,,,,,,,
343,Connaught Ventures Inc.,CNV.P,,,,,,,
344,Conquest Resources Limited,CQR,,,,,,,
345,Cons Firstfund Capital Corp.,FFP,,,,,,,
346,Conscience Capital Inc.,DGTL.P,,,,,,,
347,Consolidated Woodjam Copper Corp.,WCC,,,,,,,
348,Constantine Metal Resources Ltd.,CEM,,,,,,,
349,Contact Gold Corp.,C,,,,,,,
350,Contagious Gaming Inc.,CNS,,,,,,,
351,Converge Technology Solutions Corp.,CTS,,,,,,,
352,Copper Fox Metals Inc.,CUU,,,,,,,
353,Copper Lake Resources Ltd.,CPL,,,,,,,
354,Copper North Mining Corp.,COL,,,,,,,
355,Coral Gold Resources Ltd,CLH,,,,,,,
356,Cordoba Minerals Corp.,CDB,,,,,,,
357,Cordoba Minerals Corp. RT exp 25Jun2020,CDB.RT,,,,,,,
358,Cordy Oilfield Services Inc.,CKK,,,,,,,
359,Cornerstone Capital Resources Inc.,CGP,,,,,,,
360,Corsa Coal Corp.,CSO,,,,,,,
361,Cortus Metals Inc.,CRTS.P,,,,,,,
362,Cotinga Pharmaceuticals Inc,COT,,,,,,,
363,Covalon Technologies Ltd.,COV,,,,,,,
364,CR Capital Corp.,CIT,,,,,,,
365,Cresval Capital Corp.,CRV,,,,,,,
366,Critical Elements Lithium Corporation,CRE,,,,,,,
367,CROPS Inc.,COPS,,,,,,,
368,Crown Mining Corp.,CWM,,,,,,,
369,Crown Point Energy Inc.,CWV,,,,,,,
370,Cruzsur Energy Corp.,CZR,,,,,,,
371,Cruzsur Energy Corp. Wts 2022/07/31,CZR.WT,,,,,,,
372,Cryptostar Corp.,CSTR,,,,,,,
373,Crystal Bridge Enterprises Inc.,CRYS.P,,,,,,,
374,Crystal Lake Mining Corp.,CLM,,,,,,,
375,Crystal Peak Minerals Inc.,CPM,,,,,,,
376,Cub Energy Inc.,KUB,,,,,,,
377,Cubicfarm Systems Corp.,CUB,,,,,,,
378,Cuda Oil and Gas Inc.,CUDA,,,,,,,
379,CurrencyWorks Inc.,CWRK,,,,,,,
380,Current Water Technologies Inc.,WATR,,,,,,,
381,Currie Rose Resources Inc.,CUI,,,,,,,
382,Cuspis Capital Ltd.,CUSP.P,,,,,,,
383,CWC Energy Services Corp.,CWC,,,,,,,
384,Cymat Technologies Ltd.,CYM,,,,,,,
385,Cypress Development Corp.,CYP,,,,,,,
386,Dajin Lithium Corp.,DJI,,,,,,,
387,Damara Gold Corp.,DMR,,,,,,,
388,Darelle Online Solutions Inc.,DAR,,,,,,,
389,Datable Technology Corporation,DAC,,,,,,,
390,Datametrex AI Limited,DM,,,,,,,
391,Daura Capital Corp.,DUR.P,,,,,,,
392,DC Acquisition Corp.,DCA.P,,,,,,,
393,DealNet Capital Corp.,DLS,,,,,,,
394,Decade Resources Ltd,DEC,,,,,,,
395,Decibel Cannabis Company Inc.,DB,,,,,,,
396,Decibel Cannabis Company Inc. db 10May2022,DB.DB,,,,,,,
397,Decibel Cannabis Company Inc. wt 15may2022,DB.WT,,,,,,,
398,Decisive Dividend Corporation,DE,,,,,,,
399,DeepMarkit Corp.,MKT,,,,,,,
400,Deep-South Resources Inc.,DSM,,,,,,,
401,Defense Metals Corp.,DEFN,,,,,,,
402,Defiance Silver Corp.,DEF,,,,,,,
403,DelphX Capital Markets Inc.,DELX,,,,,,,
404,Delta Resources Limited,DLTA,,,,,,,
405,Desert Gold Ventures Inc.,DAU,,,,,,,
406,Desert Mountain Energy Corp.,DME,,,,,,,
407,Destiny Media Technologies Inc.,DSY,,,,,,,
408,Devonian Health Group Inc.,GSD,,,,,,,
409,Diagnos Inc.,ADK,,,,,,,
410,Diamcor Mining Inc,DMI,,,,,,,
411,Diamond Estates Wines & Spirits Inc.,DWS,,,,,,,
412,Diamond Fields Resources Inc.,DFR,,,,,,,
413,Digihost Technology Inc.,DGHI,,,,,,,
414,Dios Exploration Inc,DOS,,,,,,,
415,Discovery Harbour Resources Corp.,DHR,,,,,,,
416,Discovery Metals Corp.,DSV,,,,,,,
417,Discovery One Investment Corp.,DOIT.P,,,,,,,
418,Discovery-Corp Enterprises Inc.,DCY,,,,,,,
419,District Copper Corp.,DCOP,,,,,,,
420,District Metals Corp,DMX,,,,,,,
421,Divergent Energy Services Corp.,DVG,,,,,,,
422,Dixie Gold Inc.,DG,,,,,,,
423,DLC Holdings Corp.,DLC,,,,,,,
424,DMG Blockchain Solutions Inc.,DMGI,,,,,,,
425,Dolly Varden Silver Corporation,DV,,,,,,,
426,Dore Copper Mining Corp.,DCMC,,,,,,,
427,Doubleview Gold Corp.,DBG,,,,,,,
428,Doxa Energy Ltd,DXA,,,,,,,
429,Drone Delivery Canada Corp.,FLT,,,,,,,
430,Drone Delivery Canada Corp. wt 25mar2021,FLT.WT,,,,,,,
431,Drummond Ventures Corp.,DVX.P,,,,,,,
432,Durango Resources Inc.,DGO,,,,,,,
433,Duro Metals Inc.,DURO.P,,,,,,,
434,DXStorm.com Inc,DXX,,,,,,,
435,DynaCERT Inc.,DYA,,,,,,,
436,Dynamo Capital Corp.,DDD.P,,,,,,,
437,Dynasty Gold Corp.,DYG,,,,,,,
438,E3 Metals Corp.,ETMC,,,,,,,
439,E36 Capital Corp.,ETSC.P,,,,,,,
440,Eagle Graphite Incorporated,EGA,,,,,,,
441,Eagle Plains Resources Ltd.,EPL,,,,,,,
442,Earth Alive Clean Technologies Inc.,EAC,,,,,,,
443,Earth Alive Clean Technologies Inc. wt 29Oct2021,EAC.WT,,,,,,,
444,Earthworks Industries Inc.,EWK,,,,,,,
445,East Africa Metals Inc.,EAM,,,,,,,
446,East Asia Minerals Corporation,EAS,,,,,,,
447,East West Petroleum Corp,EW,,,,,,,
448,Eastfield Resources Ltd.,ETF,,,,,,,
449,EastWest Bioscience Inc.,EAST,,,,,,,
450,Eastwood Bio-Medical Canada Inc.,EBM,,,,,,,
451,Eclipse Gold Mining Corporation,EGLD,,,,,,,
452,Eco (Atlantic) Oil & Gas Ltd.,EOG,,,,,,,
453,Ecolomondo Corporation,ECM,,,,,,,
454,Edgewater Wireless Systems Inc.,YFI,,,,,,,
455,Edison Cobalt Corp.,EDDY,,,,,,,
456,EEStor Corporation,ESU,,,,,,,
457,Efficacious Elk Capital Corp.,EECC.P,,,,,,,
458,Eguana Technologies Inc.,EGT,,,,,,,
459,El Nino Ventures Inc.,ELN,,,,,,,
460,Elcora Advanced Materials Corp,ERA,,,,,,,
461,Element Lifestyle Retirement Inc.,ELM,,,,,,,
462,Elephant Hill Capital Inc.,EH.P,,,,,,,
463,Elixxer Ltd.,ELXR,,,,,,,
464,Ellipsiz Communications Ltd.,ECT,,,,,,,
465,Eloro Resources Ltd.,ELO,,,,,,,
466,Else Nutrition Holdings Inc.,BABY,,,,,,,
467,Ely Gold Royalties Inc.,ELY,,,,,,,
468,Elysee Development Corp.,ELC,,,,,,,
469,Emblem Corp. wt 16nov2020,EMC.WT.A,,,,,,,
470,"Emerald Health Therapeutics, Inc.",EMH,,,,,,,
471,Emerita Resources Corp.,EMO,,,,,,,
472,Emgold Mining Corporation,EMR,,,,,,,
473,Empire Industries Ltd.,EIL,,,,,,,
474,Empire Metals Corp.,EP,,,,,,,
475,Empress Resources Corp.,EMPX,,,,,,,
476,EMX Royalty Corporation,EMX,,,,,,,
477,Enablence Technologies Inc.,ENA,,,,,,,
478,Encore Energy Corp.,EU,,,,,,,
479,Endurance Gold Corporation,EDG,,,,,,,
480,Enerdynamic Hybrid Technologies Corp.,EHT,,,,,,,
481,Enerspar Corp.,ENER,,,,,,,
482,Engagement Labs Inc.,EL,,,,,,,
483,Engineer Gold Mines Ltd.,EAU,,,,,,,
484,Engold Mines Ltd.,EGM,,,,,,,
485,Enlighta Inc.,NLTA,,,,,,,
486,Environmental Waste International Inc.,EWS,,,,,,,
487,EnWave Corporation,ENW,,,,,,,
488,Enwave Corporation wt 15nov2022,ENW.WT,,,,,,,
489,EQ Inc.,EQ,,,,,,,
490,eQube Gaming Limited,EQG,,,,,,,
491,Equitorial Exploration Corp.,EXX,,,,,,,
492,Equity Metals Corporation,EQTY,,,,,,,
493,Erin Ventures Inc.,EV,,,,,,,
494,Eros Resources Corp.,ERC,,,,,,,
495,Eros Resources Corp. RT exp. 07Aug2020,ERC.RT,,,,,,,
496,ESG Global Impact Capital Inc,ESGW,,,,,,,
497,Eskay Mining Corp,ESK,,,,,,,
498,ESSA Pharma Inc.,EPI,,,,,,,
499,Essex Minerals Inc.,ESX,,,,,,,
500,Esstra Industries Inc.,ESS,,,,,,,
501,Ethos Gold Corp.,ECC,,,,,,,
502,Euro Manganese Inc.,EMN,,,,,,,
503,European Electric Metals Inc.,EVX,,,,,,,
504,European Residential Real Estate Investment Trust,ERE.UN,,,,,,,
505,Eve & Co Incorporated,EVE,,,,,,,
506,Eve & Co Incorporated wt 10May2021,EVE.WT,,,,,,,
507,Evergold Corp.,EVER,,,,,,,
508,Evergreen Gaming Corporation,TNA,,,,,,,
509,Everton Resources Inc,EVR,,,,,,,
510,Evrim Resources Corp,EVM,,,,,,,
511,Exelerate Capital Corp.,XCAP.P,,,,,,,
512,ExGen Resources Inc.,EXG,,,,,,,
513,Experion Holdings Ltd.,EXP,,,,,,,
514,Eyecarrot Innovations Corp.,EYC,,,,,,,
515,Fab-Form Industries Ltd.,FBF,,,,,,,
516,Fabled Copper Corp.,FCO,,,,,,,
517,Facedrive Inc.,FD,,,,,,,
518,Falco Resources Ltd.,FPC,,,,,,,
519,Falcon Gold Corp.,FG,,,,,,,
520,Falcon Oil & Gas Ltd,FO,,,,,,,
521,Fancamp Exploration Ltd.,FNC,,,,,,,
522,Farstarcap Investment Corp.,FRS.P,,,,,,,
523,Fidelity Minerals Corp.,FMN,,,,,,,
524,Fieldex Exploration Inc.,FLX,,,,,,,
525,Filo Mining Corp.,FIL,,,,,,,
526,Findev Inc.,FDI,,,,,,,
527,Finlay Minerals Ltd,FYL,,,,,,,
528,Fintech Select Ltd.,FTEC,,,,,,,
529,Fiore Gold Ltd.,F,,,,,,,
530,Firefox Gold Corp.,FFOX,,,,,,,
531,Firefox Gold Corp. wt 21dec2020,FFOX.WT,,,,,,,
532,Firestone Ventures Inc.,FV,,,,,,,
533,Fireweed Zinc Ltd,FWZ,,,,,,,
534,Firm Capital American Realty Partners Trust,FCA.UN,,,,,,,
535,Firm Capital American Realty Partners Trust db 30Jun2026,FCA.DB,,,,,,,
536,Firm Capital American Realty Partners Trust USD,FCA.U,,,,,,,
537,Firm Capital American Realty Partners Trust wt 14Mar2022,FCA.WT.V,,,,,,,
538,Firm Capital Property Trust,FCD.UN,,,,,,,
539,First Cobalt Corp.,FCC,,,,,,,
540,First Light Capital Corp.,XYZ.P,,,,,,,
541,First Mexican Gold Corp.,FMG,,,,,,,
542,First Vanadium Corp.,FVAN,,,,,,,
543,Fission 3.0 Corp.,FUU,,,,,,,
544,Five Star Diamonds Limited,STAR,,,,,,,
545,Fjordland Exploration Inc.,FEX,,,,,,,
546,Flow Capital Corp,FW,,,,,,,
547,Flow Capital Corp db 2021jun30,FW.DB.B,,,,,,,
548,FluroTech Ltd.,TEST,,,,,,,
549,FLYHT Aerospace Solutions Ltd.,FLY,,,,,,,
550,Focus Graphite Inc.,FMS,,,,,,,
551,Foran Mining Corporation,FOM,,,,,,,
552,Foremost Ventures Corp.,FMV.P,,,,,,,
553,Fort St. James Nickel Corp,FTJ,,,,,,,
554,Fortress Technologies Inc.,FORT,,,,,,,
555,Fortune Bay Corp.,FOR,,,,,,,
556,Forum Energy Metals Corp.,FMC,,,,,,,
557,Fosterville South Exploration Ltd.,FSX,,,,,,,
558,Founders Advantage Capital Corp.,FCF,,,,,,,
559,Fountain Asset Corp.,FA,,,,,,,
560,FP Newspapers Inc.,FP,,,,,,,
561,FPX Nickel Corp.,FPX,,,,,,,
562,Freeport Resources Inc.,FRI,,,,,,,
563,Fremont Gold Ltd.,FRE,,,,,,,
564,Fronsac Real Estate Investment Trust,FRO.UN,,,,,,,
565,Frontier Lithium Inc.,FL,,,,,,,
566,Frontline Gold Corporation,FGC,,,,,,,
567,FTI Foodtech International Inc.,FTI,,,,,,,
568,Full Metal Minerals Ltd.,FMM,,,,,,,
569,Fura Gems Inc.,FURA,,,,,,,
570,Fuse Cobalt Inc.,FUSE,,,,,,,
571,Fusion Gold Ltd.,FML.P,,,,,,,
572,G2 Goldfields Inc.,GTWO,,,,,,,
573,G6 Materials Corp.,GGG,,,,,,,
574,Gabriel Resources Ltd.,GBU,,,,,,,
575,Gaia Metals Corp.,GMC,,,,,,,
576,Gainey Capital Corp.,GNC,,,,,,,
577,Galane Gold Ltd.,GG,,,,,,,
578,Galantas Gold Corporation,GAL,,,,,,,
579,Galaxy Digital Holdings Ltd.,GLXY,,,,,,,
580,Galileo Exploration Ltd.,GXL,,,,,,,
581,Galleon Gold Corp.,GGO,,,,,,,
582,Galore Resources Inc,GRI,,,,,,,
583,Galway Gold Inc.,GLW,,,,,,,
584,Galway Metals Inc.,GWM,,,,,,,
585,Gambier Gold Corp.,GGAU,,,,,,,
586,Garibaldi Resources Corp.,GGI,,,,,,,
587,Gatekeeper Systems Inc.,GSI,,,,,,,
588,Gatling Exploration Inc.,GTR,,,,,,,
589,GBLT Corp.,GBLT,,,,,,,
590,GCC Global Capital Corporation,GCCC,,,,,,,
591,GEN III Oil Corporation,GIII,,,,,,,
592,Genesis Acquisition Corp.,REBL.P,,,,,,,
593,Genesis Metals Corp.,GIS,,,,,,,
594,Genix Pharmaceuticals Corporation,GENX,,,,,,,
595,Gensource Potash Corporation,GSP,,,,,,,
596,Gentor Resources Inc.,GNT,,,,,,,
597,Geomega Resources Inc,GMA,,,,,,,
598,Gespeg Resources Ltd.,GCR,,,,,,,
599,Getty Copper Inc.,GTC,,,,,,,
600,Geyser Brands Inc.,GYSR,,,,,,,
601,GFG Resources Inc.,GFG,,,,,,,
602,GGL Resources Corp.,GGL,,,,,,,
603,GGX Gold Corp.,GGX,,,,,,,
604,Giga Metals Corporation,GIGA,,,,,,,
605,Ginger Beef Corporation,GB,,,,,,,
606,GINSMS Inc.,GOK,,,,,,,
607,Gitennes Exploration Inc,GIT,,,,,,,
608,Giyani Metals Corp.,EMM,,,,,,,
609,GK Resources Ltd.,NIKL,,,,,,,
610,Glacier Lake Resources Inc.,GLI,,,,,,,
611,Glen Eagle Resources Inc,GER,,,,,,,
612,Global Battery Metals Ltd.,GBML,,,,,,,
613,Global Daily Fantasy Sports Inc.,DFS,,,,,,,
614,Global Energy Metals Corp.,GEMC,,,,,,,
615,Global Vanadium Corp.,GLV,,,,,,,
616,Globalive Technology Inc.,LIVE,,,,,,,
617,GMV Minerals Inc,GMV,,,,,,,
618,GobiMin Inc.,GMN,,,,,,,
619,Gold Reserve Inc.,GRZ,,,,,,,
620,Gold Rush Cariboo Corp.,GDBO,,,,,,,
621,Gold Terra Resource Corp.,YGT,,,,,,,
622,Gold X Mining Corp.,GLDX,,,,,,,
623,Goldbank Mining Corporation,GLB,,,,,,,
624,Goldbelt Empires Limited,GBE,,,,,,,
625,Goldcliff Resource Corporation,GCN,,,,,,,
626,Golden Arrow Resources Corporation,GRG,,,,,,,
627,Golden Dawn Minerals Inc.,GOM,,,,,,,
628,Golden Goliath Resources Ltd.,GNG,,,,,,,
629,Golden Harp Resources Inc.,GHR,,,,,,,
630,Golden Predator Mining Corp.,GPY,,,,,,,
631,Golden Pursuit Resources Ltd.,GDP,,,,,,,
632,Golden Ridge Resources Ltd.,GLDN,,,,,,,
633,Golden Share Resources Corporation,GSH,,,,,,,
634,Golden Sky Minerals Corp.,AUEN,,,,,,,
635,Golden Tag Resources Ltd.,GOG,,,,,,,
636,Golden Valley Mines Ltd.,GZZ,,,,,,,
637,Goldeneye Resources Corp.,GOE,,,,,,,
638,Goldex Resources Corporation,GDX,,,,,,,
639,Goldhills Holding Ltd.,GHL,,,,,,,
640,GoldON Resources Ltd.,GLD,,,,,,,
641,GoldQuest Mining Corp.,GQC,,,,,,,
642,Goldsource Mines Inc.,GXS,,,,,,,
643,GoldSpot Discoveries Corp.,SPOT,,,,,,,
644,Goldstar Minerals Inc.,GDM,,,,,,,
645,Goldstrike Resources Ltd.,GSR,,,,,,,
646,Goliath Resources Limited,GOT,,,,,,,
647,GOLO Mobile Inc.,GOLO,,,,,,,
648,Good Natured Products Inc.,GDNP,,,,,,,
649,Good2go Corp.,GOTO.P,,,,,,,
650,Good2Go2 Corp.,GOAL.P,,,,,,,
651,Gossan Resources Limited,GSS,,,,,,,
652,Goviex Uranium Inc.,GXU,,,,,,,
653,Gowest Gold Ltd.,GWA,,,,,,,
654,GPM Metals Inc.,GPM,,,,,,,
655,GR Silver Mining Ltd.,GRSL,,,,,,,
656,Granada Gold Mine Inc.,GGM,,,,,,,
657,Grande Portage Resources Ltd.,GPG,,,,,,,
658,Grande West Transportation Group Inc.,BUS,,,,,,,
659,Granite Creek Copper Ltd.,GCX,,,,,,,
660,Graphite One Inc.,GPH,,,,,,,
661,Gratomic Inc.,GRAT,,,,,,,
662,Gray Rock Resources Ltd.,GRK,,,,,,,
663,Great Atlantic Resources Corp.,GR,,,,,,,
664,Great Bear Resources Ltd.,GBR,,,,,,,
665,Great Quest Fertilizer Ltd.,GQ,,,,,,,
666,Great Thunder Gold Corp.,GTG,,,,,,,
667,Green Panda Capital Corp.,GPCC.P,,,,,,,
668,Green Rise Capital Corporation,GRF,,,,,,,
669,Greenbriar Capital Corp,GRB,,,,,,,
670,Greencastle Resources Ltd.,VGN,,,,,,,
671,Greenfields Petroleum Corporation,GNF,,,,,,,
672,Greenlane Renewables Inc wt 03Jun2021,GRN.WT,,,,,,,
673,Greenlane Renewables Inc.,GRN,,,,,,,
674,GreenPower Motor Company Inc.,GPV,,,,,,,
675,GreenSpace Brands Inc.,JTR,,,,,,,
676,Greenstone Capital Corp.,GSGS.P,,,,,,,
677,Grid Metals Corp.,GRDM,,,,,,,
678,Grizzly Discoveries Inc.,GZD,,,,,,,
679,Grosvenor Resource Corporation,GVR,,,,,,,
680,Group Eleven Resources Corp.,ZNG,,,,,,,
681,Group Ten Metals Inc.,PGE,,,,,,,
682,Growmax Resources Corp.,GRO,,,,,,,
683,GSP Resource Corp.,GSPR,,,,,,,
684,GT Gold Corp.,GTT,,,,,,,
685,GTEC Holdings Ltd.,GTEC,,,,,,,
686,Guardian Exploration Inc.,GX,,,,,,,
687,Gulf & Pacific Equities Corp.,GUF,,,,,,,
688,Gungnir Resources Inc.,GUG,,,,,,,
689,Gunpoint Exploration Ltd,GUN,,,,,,,
690,Guyana Goldstrike Inc.,GYA,,,,,,,
691,H2O Innovation Inc,HEO,,,,,,,
692,H2O Innovation Inc wt 14nov2021,HEO.WT,,,,,,,
693,Hakken Capital Corp.,HAKK.P,,,,,,,
694,Halmont Properties Corporation cl A vtg shrs,HMT,,,,,,,
695,Hamilton Thorne Ltd,HTL,,,,,,,
696,Hampton Financial Corporation,HFC,,,,,,,
697,Hampton Financial Corporation Preferred Shares A,HFC.PR.A,,,,,,,
698,Handa Mining Corporation,HAND,,,,,,,
699,Hanna Capital Corp.,HCC,,,,,,,
700,Hannan Metals Ltd.,HAN,,,,,,,
701,Hansa Resources Limited,HRL,,,,,,,
702,Hansco Capital Corp.,HCO.P,,,,,,,
703,Hanstone Capital Corp.,HANS.P,,,,,,,
704,Happy Creek Minerals Ltd,HPY,,,,,,,
705,Harfang Exploration Inc.,HAR,,,,,,,
706,Harvest Gold Corp.,HVG,,,,,,,
707,Harvest One Cannabis Inc.,HVT,,,,,,,
708,Harvest One Cannabis Inc. wt 15Dec2020,HVT.WT,,,,,,,
709,Hawkeye Gold & Diamond Inc,HAWK,,,,,,,
710,Heatherdale Resources Ltd.,HTR,,,,,,,
711,Helix Applications Inc.,HELX,,,,,,,
712,Hemisphere Energy Corporation,HME,,,,,,,
713,Hemlo Explorers Inc.,HMLO,,,,,,,
714,Hemostemix Inc.,HEM,,,,,,,
715,HFX Holding Corp.,HXC,,,,,,,
716,Highbank Resources Ltd.,HBK,,,,,,,
717,Highbury Projects Inc,HPI,,,,,,,
718,Highgold Mining Inc.,HIGH,,,,,,,
719,Highland Copper Company Inc.,HI,,,,,,,
720,Highway 50 Gold Corp.,HWY,,,,,,,
721,Highwood Oil Company Ltd.,HOCL,,,,,,,
722,Hill Street Beverage Company Inc.,BEER,,,,,,,
723,Hillcrest Petroleum Ltd.,HRH,,,,,,,
724,Hire Technologies Inc.,HIRE,,,,,,,
725,HIT Technologies Inc.,HIT,,,,,,,
726,Hive Blockchain Technologies Ltd.,HIVE,,,,,,,
727,Hoist Capital Corp.,HTE.P,,,,,,,
728,Holly Street Capital Ltd.,HSC.P,,,,,,,
729,Honey Badger Exploration Inc.,TUF,,,,,,,
730,Hornby Bay Mineral Exploration Ltd,HBE,,,,,,,
731,HPQ-Silicon Resources Inc.,HPQ,,,,,,,
732,H-Source Holdings Ltd.,HSI,,,,,,,
733,HTC Purenergy Inc,HTC,,,,,,,
734,Hudson Resources Inc.,HUD,,,,,,,
735,Hunter Oil Corp.,HOC,,,,,,,
736,Huntington Exploration Inc.,HEI,,,,,,,
737,Hybrid Minerals Inc.,HZ,,,,,,,
738,IBC Advanced Alloys Corp.,IB,,,,,,,
739,IBC Advanced Alloys Corp. db 2023jun06,IB.DB,,,,,,,
740,IBEX Technologies Inc,IBT,,,,,,,
741,iCo Therapeutics Inc,ICO,,,,,,,
742,Iconic Minerals Ltd.,ICM,,,,,,,
743,Identillect Technologies Corp.,ID,,,,,,,
744,IEMR Resources Inc,IRI,,,,,,,
745,iLOOKABOUT Corp.,ILA,,,,,,,
746,Imaflex Inc.,IFX,,,,,,,
747,Imaging Dynamics Company Ltd.,IDL,,,,,,,
748,iMetal Resources Inc.,IMR,,,,,,,
749,I-Minerals Inc.,IMA,,,,,,,
750,IMining Blockchain and Cryptocurrency Inc.,IMIN,,,,,,,
751,Immunoprecise Antibodies Ltd.,IPA,,,,,,,
752,IMPACT Silver Corp.,IPT,,,,,,,
753,Imperial Equities Inc.,IEI,,,,,,,
754,Imperial Ginseng Products Ltd.,IGP,,,,,,,
755,Imperial Mining Group Ltd.,IPG,,,,,,,
756,Inca One Gold Corp.,IO,,,,,,,
757,Independence Gold Corp.,IGO,,,,,,,
758,Indigo Exploration Inc.,IXI,,,,,,,
759,Indiva Limited,NDVA,,,,,,,
760,INEO Tech Corp.,INEO,,,,,,,
761,Infinite Ore Corp.,ILI,,,,,,,
762,Innovotech Inc.,IOT,,,,,,,
763,Inomin Mines Inc,MINE,,,,,,,
764,Input Capital Corp.,INP,,,,,,,
765,Insuraguest Technologies Inc.,ISGI,,,,,,,
766,Intact Gold Corp.,ITG,,,,,,,
767,Integra Resources Corp.,ITR,,,,,,,
768,IntelGenx Technologies Corp,IGX,,,,,,,
769,IntelGenx Technologies Corp db30June2020,IGX.DB,,,,,,,
770,IntelGenx Technologies Corp wt ex 11feb2023,IGX.WT,,,,,,,
771,Intema Solutions Inc.,ITM,,,,,,,
772,Interbit Ltd.,IBIT,,,,,,,
773,Interconnect Ventures Corporation,IVC,,,,,,,
774,Intercontinental Gold and Metals Ltd.,ICAU,,,,,,,
775,Interlapse Technologies Corp.,INLA,,,,,,,
776,International Lithium Corp.,ILC,,,,,,,
777,International Millennium Mining Corp.,IMI,,,,,,,
778,International Montoro Resources Inc.,IMT,,,,,,,
779,International Prospect Ventures Ltd.,IZZ,,,,,,,
780,International Samuel Exploration Corp.,ISS,,,,,,,
781,International Zeolite Corp.,IZ,,,,,,,
782,Internet of Things Inc.,ITT,,,,,,,
783,Inter-Rock Minerals Inc.,IRO,,,,,,,
784,Intl Frontier Resources Corporation,IFR,,,,,,,
785,Intl Parkside Products Inc.,IPD,,,,,,,
786,Intouch Insight Ltd.,INX,,,,,,,
787,Inventronics Limited,IVX,,,,,,,
788,Inventus Mining Corporation,IVS,,,,,,,
789,InZinc Mining Ltd.,IZN,,,,,,,
790,IOU Financial Inc.,IOU,,,,,,,
791,iSign Media Solutions Inc.,ISD,,,,,,,
792,Isoenergy Ltd,ISO,,,,,,,
793,Israel Capital Canada Corp.,IL.P,,,,,,,
794,Itafos,IFOS,,,,,,,
795,Itasca Capital Ltd.,ICL,,,,,,,
796,Ivrnet Inc.,IVI,,,,,,,
797,Jackpot Digital Inc.,JJ,,,,,,,
798,Jackpot Digital Inc. wt 20jan2022,JJ.WT.A,,,,,,,
799,Jackpot Digital Inc. wt 26sept2024,JJ.WT.B,,,,,,,
800,Jade Leader Corp.,JADE,,,,,,,
801,Jade Power Trust,JPWR.UN,,,,,,,
802,Jaeger Resources Corp.,JAEG,,,,,,,
803,Japan Gold Corp.,JG,,,,,,,
804,Jaxon Mining Inc.,JAX,,,,,,,
805,Jayden Resources Inc.,JDN,,,,,,,
806,Jazz Resources Inc.,JZR,,,,,,,
807,Jemtec Inc.,JTC,,,,,,,
808,Jericho Oil Corporation,JCO,,,,,,,
809,Jervois Mining Ltd.,JRV,,,,,,,
810,Jessy Ventures Corp.,SARG.P,,,,,,,
811,Jiulian Resources Inc,JLR,,,,,,,
812,Jourdan Resources Inc,JOR,,,,,,,
813,Jubilee Gold Exploration Ltd,JUB,,,,,,,
814,Juggernaut Exploration Ltd.,JUGR,,,,,,,
815,Jura Energy Corporation,JEC,,,,,,,
816,K2 Gold Corporation,KTO,,,,,,,
817,K92 Mining Inc.,KNT,,,,,,,
818,Kaizen Discovery Inc.,KZD,,,,,,,
819,Kalytera Therapeutics Inc.,KLY,,,,,,,
820,Kalytera Therapeutics Inc. wt 08Aug2021,KLY.WT.A,,,,,,,
821,Kalytera Therapeutics Inc. wt 26Apr2022,KLY.WT.B,,,,,,,
822,Kanadario Gold Inc.,KANA,,,,,,,
823,Kane Biotech Inc.,KNE,,,,,,,
824,Kapa Capital Inc.,KAPA.P,,,,,,,
825,Katipult Technology Corp.,FUND,,,,,,,
826,KDA Group Inc.,KDA,,,,,,,
827,Kelly Ventures Ltd.,KKL.P,,,,,,,
828,Kenadyr Mining (Holdings) Corp.,KEN,,,,,,,
829,Kepler Acquisition Corp.,KEP.P,,,,,,,
830,Kermode Resources Ltd.,KLM,,,,,,,
831,Kesselrun Resources Ltd.,KES,,,,,,,
832,Kestrel Gold Inc.,KGC,,,,,,,
833,KFG Resources Ltd.,KFG,,,,,,,
834,Khiron Life Sciences Corp.,KHRN,,,,,,,
835,Kidoz Inc.,KIDZ,,,,,,,
836,Killi Ltd.,MYID,,,,,,,
837,Kilo Goldmines Ltd.,KGL,,,,,,,
838,Kincora Copper Limited,KCC,,,,,,,
839,King Global Ventures Inc.,KING,,,,,,,
840,Kingman Minerals Ltd.,KGS,,,,,,,
841,Kingsmen Resources Ltd.,KNG,,,,,,,
842,Kintavar Exploration Inc.,KTR,,,,,,,
843,Kiplin Metals Inc.,KIP,,,,,,,
844,Kismet Resources Corp.,KSMT.P,,,,,,,
845,Klinik Health Ventures Corp.,KHV.P,,,,,,,
846,Klondike Gold Corp,KG,,,,,,,
847,Klondike Silver Corp.,KS,,,,,,,
848,Kneat.com Inc.,KSI,,,,,,,
849,Kodiak Copper Corp.,KDK,,,,,,,
850,Komet Resources Inc.,KMT,,,,,,,
851,Kootenay Silver Inc.,KTN,,,,,,,
852,Kootenay Silver Inc. wt 21Apr2021,KTN.WT,,,,,,,
853,Kore Mining Ltd.,KORE,,,,,,,
854,Kraken Robotics Inc.,PNG,,,,,,,
855,Kutcho Copper Corp.,KC,,,,,,,
856,Kuuhubb Inc.,KUU,,,,,,,
857,Labrador Gold Corp.,LAB,,,,,,,
858,Labrador Technologies Inc .,LTX,,,,,,,
859,Lakeview Hotel Investment Corp sr C ex 31Aug2022,LHR.DB.C,,,,,,,
860,Lakeview Hotel Investment Corp.,LHR,,,,,,,
861,Lakeview Hotel Investment Corp. sr d ex 31Aug2022,LHR.DB.D,,,,,,,
862,Lanesborough Real Estate Investment Trust,LRT.UN,,,,,,,
863,Lanesborough Real Estate Investment Trust db30jun2022,LRT.DB.G,,,,,,,
864,Lara Exploration Ltd.,LRA,,,,,,,
865,LaSalle Exploration Corp.,LSX,,,,,,,
866,LaSalle Exploration Corp. wt 20Dec2021,LSX.WT,,,,,,,
867,Last Mile Holdings Ltd.,MILE,,,,,,,
868,Latin American Minerals Inc.,LAT,,,,,,,
869,Latin Metals Inc.,LMS,,,,,,,
870,Lattice Biologics Ltd.,LBL,,,,,,,
871,Laurion Mineral Exploration Inc,LME,,,,,,,
872,Le Chateau Inc,CTU,,,,,,,
873,Leading Edge Materials Corp.,LEM,,,,,,,
874,Leaf Mobile Inc.,LEAF,,,,,,,
875,Legend Power Systems Inc,LPS,,,,,,,
876,Lendified Holdings Inc.,LHI,,,,,,,
877,Leonovus Inc.,LTV,,,,,,,
878,Letho Resources Corp.,LET,,,,,,,
879,Leucrotta Exploration Inc.,LXE,,,,,,,
880,Lexagene Holdings Inc.,LXG,,,,,,,
881,Libby K Industries Inc.,LBB.P,,,,,,,
882,Libero Copper & Gold Corporation,LBC,,,,,,,
883,"Liberty Defense Holdings, Ltd.",SCAN,,,,,,,
884,Liberty One Lithium Corp.,LBY,,,,,,,
885,Lift & Co. Corp.,LIFT,,,,,,,
886,Lincoln Gold Mining Inc.,LMG,,,,,,,
887,Lingo Media Corporation,LM,,,,,,,
888,Lion One Metals Limited,LIO,,,,,,,
889,Lions Bay Capital Inc,LBI,,,,,,,
890,Lite Access Technologies Inc.,LTE,,,,,,,
891,Lithium Chile Inc.,LITH,,,,,,,
892,Lithium Energi Exploration Inc.,LEXI,,,,,,,
893,Lithoquest Diamonds Inc.,LDI,,,,,,,
894,LL One Inc.,LLO.P,,,,,,,
895,Logica Ventures Corp.,LOG.P,,,,,,,
896,Lomiko Metals Inc.,LMR,,,,,,,
897,Loop Insights Inc.,MTRX,,,,,,,
898,Loopshare Ltd.,LOOP,,,,,,,
899,Lorne Park Capital Partners Inc.,LPC,,,,,,,
900,Los Andes Copper Ltd.,LA,,,,,,,
901,Lucky Minerals Inc.,LKY,,,,,,,
902,Lumina Gold Corp.,LUM,,,,,,,
903,Luminex Resources Corp.,LR,,,,,,,
904,Lupaka Gold Corp.,LPK,,,,,,,
905,M3 Metals Corp.,MT,,,,,,,
906,Macarthur Minerals Limited,MMS,,,,,,,
907,MacDonald Mines Exploration Ltd.,BMK,,,,,,,
908,Macro Enterprises Inc,MCR,,,,,,,
909,Magna Gold Corp.,MGR,,,,,,,
910,Magna Terra Minerals Inc.,MTT,,,,,,,
911,Magnetic North Acquisition Corp.,MNC,,,,,,,
912,Magnitude Mining Ltd.,MML.P,,,,,,,
913,Magnolia Colombia Ltd.,MCO,,,,,,,
914,Magnum Goldcorp Inc.,MGI,,,,,,,
915,Majestic Gold Corp.,MJS,,,,,,,
916,Mako Mining Corp.,MKO,,,,,,,
917,Mammoth Resources Corp.,MTH,,,,,,,
918,Manganese X Energy Corp.,MN,,,,,,,
919,Manitex Capital Inc.,MNX,,,,,,,
920,Manitou Gold Inc,MTU,,,,,,,
921,Maple Gold Mines Ltd.,MGM,,,,,,,
922,Maple Gold Mines Ltd. wt 27Jun2022,MGM.WT,,,,,,,
923,Maple Peak Investments Inc.,MAP,,,,,,,
924,Margaret Lake Diamonds Inc.,DIA,,,,,,,
925,Margaux Resources Ltd,MRL,,,,,,,
926,Marifil Mines Limited,MFM,,,,,,,
927,Maritime Resources Corp,MAE,,,,,,,
928,Marksmen Energy Inc,MAH,,,,,,,
929,Martello Technologies Group Inc.,MTLO,,,,,,,
930,Mas Gold Corp.,MAS,,,,,,,
931,Mason Graphite Inc.,LLG,,,,,,,
932,Matachewan Consolidated Mines Ltd. cl A,MCM.A,,,,,,,
933,MAX Resource Corp.,MXR,,,,,,,
934,McChip Resources Inc,MCS,,,,,,,
935,MCloud Technologies Cor. db30June2022,MCLD.DB,,,,,,,
936,Mcloud Technologies Corp wt 14Jan2025,MCLD.WT,,,,,,,
937,mCloud Technologies Corp.,MCLD,,,,,,,
938,"Mcorpcx, Inc.",MCX,,,,,,,
939,Medallion Resources Ltd.,MDL,,,,,,,
940,Medcolcanna Organics Inc.,MCCN,,,,,,,
941,Medexus Pharmaceuticals Inc.,MDP,,,,,,,
942,Medexus Pharmaceuticals Inc. db16oct2023,MDP.DB,,,,,,,
943,Medgold Resources Corp.,MED,,,,,,,
944,Mediavalet Inc.,MVP,,,,,,,
945,Medicure Inc.,MPH,,,,,,,
946,Medifocus Inc,MFS,,,,,,,
947,MedMira Inc.,MIR,,,,,,,
948,Medx Health Corp,MDX,,,,,,,
949,Mega Copper Ltd.,MCU,,,,,,,
950,Megastar Development Corp.,MDV,,,,,,,
951,Melior Resources Inc.,MLR,,,,,,,
952,Melkior Resources Inc,MKR,,,,,,,
953,Memex Inc.,OEE,,,,,,,
954,Mene Inc.,MENE,,,,,,,
955,Mene Inc. wt 29nov2020,MENE.WT,,,,,,,
956,Meridian Mining Societas Europea,MNO,,,,,,,
957,Meridius Resources Limited,MRI,,,,,,,
958,Meta Growth Corp.,META,,,,,,,
959,Meta Growth Corp. db 30nov2021,META.DB,,,,,,,
960,Meta Growth Corp. wt 06feb2023,META.WT,,,,,,,
961,MetalCorp Limited,MTC,,,,,,,
962,Metalex Ventures Ltd,MTX,,,,,,,
963,Metalla Royalty And Streaming Ltd.,MTA,,,,,,,
964,Metallic Minerals Corp.,MMG,,,,,,,
965,Metallis Resources Inc.,MTS,,,,,,,
966,Metalore Resources Limited,MET,,,,,,,
967,Metals Creek Resources Corp.,MEK,,,,,,,
968,Meteorite Capital Inc.,MTR.P,,,,,,,
969,Mexican Gold Mining Corp.,MEX,,,,,,,
970,Mexican Gold Mining Corp. wt 15July2024,MEX.WT,,,,,,,
971,MG Capital Corporation,DLP,,,,,,,
972,Midland Exploration Inc,MD,,,,,,,
973,Midnight Sun Mining Corp,MMA,,,,,,,
974,Midpoint Holdings Ltd.,MPT,,,,,,,
975,MillenMin Ventures Inc,MVM,,,,,,,
976,Millennial Lithium Corp.,ML,,,,,,,
977,Millrock Resources Inc,MRO,,,,,,,
978,Mimi's Rock Corp.,MIMI,,,,,,,
979,Minaean SP Construction Corp.,MSP,,,,,,,
980,Minaurum Gold Inc.,MGG,,,,,,,
981,Minco Capital Corp.,MMM,,,,,,,
982,Minera Alamos Inc.,MAI,,,,,,,
983,Mineral Hill Industries Ltd.,MHI,,,,,,,
984,Mineral Mountain Resources Ltd.,MMV,,,,,,,
985,Minerva Intelligence Inc.,MVAI,,,,,,,
986,Mineworx Technologies Ltd.,MWX,,,,,,,
987,Minfocus Exploration Corp.,MFX,,,,,,,
988,Mining Corporation,VZZ,,,,,,,
989,Minkap Resources Inc.,KAP,,,,,,,
990,Minnova Corp.,MCI,,,,,,,
991,Minsud Resources Corp.,MSR,,,,,,,
992,Mirasol Resources Ltd.,MRZ,,,,,,,
993,Mission Ready Solutions Inc.,MRS,,,,,,,
994,Mithrandir Capital Corp.,GMER.P,,,,,,,
995,MJ Innovation Capital Corp.,MSMJ.P,,,,,,,
996,Mkango Resources Ltd.,MKA,,,,,,,
997,MOBI724 Global Solutions Inc.,MOS,,,,,,,
998,Mobio Technologies Inc.,MBO,,,,,,,
999,Monarca Minerals Inc.,MMN,,,,,,,
1000,Mondias Natural Products Inc.,NHP,,,,,,,
1001,Mongolia Growth Group Ltd.,YAK,,,,,,,
1002,Montero Mining And Exploration Ltd.,MON,,,,,,,
1003,Monument Mining Limited,MMY,,,,,,,
1004,Moon River Capital Ltd.,MOO.P,,,,,,,
1005,Moovly Media Inc.,MVY,,,,,,,
1006,Morien Resources Corp.,MOX,,,,,,,
1007,Mosaic Capital Corporation,M,,,,,,,
1008,Mosaic Capital Corporation 6% Preferred,M.PR.B,,,,,,,
1009,Mosaic Capital Corporation db26Jan2024,M.DB.A,,,,,,,
1010,Mosaic Capital Corporation db31Dec2021,M.DB,,,,,,,
1011,Mountain Boy Minerals Ltd.,MTB,,,,,,,
1012,Mountain China Resorts (Holding) Limited,MCG,,,,,,,
1013,Mundoro Capital Inc.,MUN,,,,,,,
1014,Murchison Minerals Ltd.,MUR,,,,,,,
1015,Namaste Tech Inc. Wts A 3.15 25OCT2023,N.WT.A,,,,,,,
1016,Namaste Technologies Inc.,N,,,,,,,
1017,Namibia Critical Metals Inc.,NMI,,,,,,,
1018,Namsys Inc.,CTZ,,,,,,,
1019,Nanalysis Scientific Corp.,NSCI,,,,,,,
1020,Nano One Materials Corp.,NNO,,,,,,,
1021,Nanotech Security Corp,NTS,,,,,,,
1022,Nanoxplore Inc.,GRA,,,,,,,
1023,Napier Ventures Inc.,NAP,,,,,,,
1024,Naturally Splendid Enterprises Ltd.,NSP,,,,,,,
1025,NatureBank Asset Management Inc.,COO,,,,,,,
1026,Navigator Acquisition Corp.,NAQ.P,,,,,,,
1027,Navy Resources Corp.,NVY,,,,,,,
1028,NBS Capital Inc.,NBS.P,,,,,,,
1029,Nebu Resources Inc.,NBU,,,,,,,
1030,Neo Lithium Corp.,NLC,,,,,,,
1031,Neptune Dash Technologies Corp.,DASH,,,,,,,
1032,Nervgen Pharma Corp.,NGEN,,,,,,,
1033,Network Media Group Inc.,NTE,,,,,,,
1034,NeutriSci International Inc.,NU,,,,,,,
1035,Nevada Energy Metals Inc,BFF,,,,,,,
1036,Nevada Exploration Inc.,NGE,,,,,,,
1037,Nevada Sunrise Gold Corporation,NEV,,,,,,,
1038,Nevada Zinc Corporation,NZN,,,,,,,
1039,New Age Metals Inc.,NAM,,,,,,,
1040,New Carolin Gold Corp.,LAD,,,,,,,
1041,New Destiny Mining Corp.,NED,,,,,,,
1042,New Dimension Resources Ltd.,NDR,,,,,,,
1043,New Energy Metals Corp,ENRG,,,,,,,
1044,New Era Minerals Inc.,NEM,,,,,,,
1045,New Oroperu Resources Inc.,ORO,,,,,,,
1046,New Pacific Metals Corp.,NUAG,,,,,,,
1047,New Stratus Energy Inc.,NSE,,,,,,,
1048,New West Energy Services Inc.,NWE,,,,,,,
1049,New World Resource Corp.,NW,,,,,,,
1050,New Zealand Energy Corp.,NZ,,,,,,,
1051,Newmac Resources Inc.,NER,,,,,,,
1052,Newport Exploration Ltd.,NWX,,,,,,,
1053,Newrange Gold Corp.,NRG,,,,,,,
1054,Newstrike Brands Ltd. wt ex 2023jun19 .wt.a,HIP.WT.A,,,,,,,
1055,Newtopia Inc.,NEWU,,,,,,,
1056,Nexera Energy Inc.,NGY,,,,,,,
1057,NexgenRx Inc.,NXG,,,,,,,
1058,NexOptic Technology Corp.,NXO,,,,,,,
1059,Nexpoint Hospitality Trust,NHT.U,,,,,,,
1060,Nexus Gold Corp.,NXS,,,,,,,
1061,Nexus Real Estate Investment Trust,NXR.UN,,,,,,,
1062,NGEx Minerals Ltd.,NGEX,,,,,,,
1063,Nickel North Exploration Corp.,NNX,,,,,,,
1064,Nicola Mining Inc.,NIM,,,,,,,
1065,Niobay Metals Inc.,NBY,,,,,,,
1066,Niocan Inc.,NIO,,,,,,,
1067,Nippon Dragon Resources Inc.,NIP,,,,,,,
1068,Noble Iron Inc.,NIR,,,,,,,
1069,Noble Mineral Exploration Inc.,NOB,,,,,,,
1070,Noram Ventures Inc.,NRM,,,,,,,
1071,Noront Resources Ltd.,NOT,,,,,,,
1072,Norra Metals Corp.,NORA,,,,,,,
1073,Nortec Minerals Corp,NVT,,,,,,,
1074,North American Nickel Inc.,NAN,,,,,,,
1075,North Arrow Minerals Inc.,NAR,,,,,,,
1076,Northern Graphite Corporation,NGC,,,,,,,
1077,Northern Lion Gold Corp.,NL,,,,,,,
1078,Northern Shield Resources Inc.,NRN,,,,,,,
1079,Northern Superior Resources Inc.,SUP,,,,,,,
1080,Northern Vertex Mining Corp.,NEE,,,,,,,
1081,Northern Vertex Mining Corp. db31May2021,NEE.DB,,,,,,,
1082,Northfield Capital Corporation cl A rv,NFD.A,,,,,,,
1083,NorthIsle Copper and Gold Inc.,NCX,,,,,,,
1084,Northway Resources Corp.,NTW,,,,,,,
1085,Norvista Capital Corporation,NVV,,,,,,,
1086,Nouveau Monde Graphite Inc.,NOU,,,,,,,
1087,Nova Leap Health Corp.,NLH,,,,,,,
1088,Novo Resources Corp.,NVO,,,,,,,
1089,Novoheart Holdings Inc.,NVH,,,,,,,
1090,Novra Technologies Inc.,NVI,,,,,,,
1091,NRG Metals Inc.,NGZ,,,,,,,
1092,NSGold Corporation,NSX,,,,,,,
1093,NTG Clarity Networks Inc.,NCI,,,,,,,
1094,Nubeva Technologies Ltd.,NBVA,,,,,,,
1095,Nubian Resources Ltd,NBR,,,,,,,
1096,Nulegacy Gold Corporation,NUG,,,,,,,
1097,Numinus Wellness Inc.,NUMI,,,,,,,
1098,NV Gold Corporation,NVX,,,,,,,
1099,NXGold Ltd.,NXN,,,,,,,
1100,O3 Mining Inc.,OIII,,,,,,,
1101,Oceanic Iron Ore Corp,FEO,,,,,,,
1102,Oceanic Wind Energy Inc.,NKW,,,,,,,
1103,Oculus VisionTech Inc.,OVT,,,,,,,
1104,Olivut Resources Ltd.,OLV,,,,,,,
1105,Omineca Mining and Metals Ltd.,OMM,,,,,,,
1106,Omni-Lite Industries Canada Inc,OML,,,,,,,
1107,OneSoft Solutions Inc.,OSS,,,,,,,
1108,Opawica Explorations Inc.,OPW,,,,,,,
1109,Optimum Ventures Ltd.,OPV,,,,,,,
1110,Opus One Resources Inc.,OOR,,,,,,,
1111,Oracle Energy Corp.,OEC,,,,,,,
1112,Orca Exploration Group Inc series A,ORC.A,,,,,,,
1113,Orca Exploration Group Inc series B,ORC.B,,,,,,,
1114,Orca Gold Inc.,ORG,,,,,,,
1115,Orefinders Resources Inc.,ORX,,,,,,,
1116,Orestone Mining Corp.,ORS,,,,,,,
1117,Orex Minerals Inc.,REX,,,,,,,
1118,Orezone Gold Corporation,ORE,,,,,,,
1119,Orezone Gold Corporation wt 29Jan2023,ORE.WT,,,,,,,
1120,Orford Mining Corporation,ORM,,,,,,,
1121,Organic Garage Ltd.,OG,,,,,,,
1122,Organimax Nutrient Corp.,KMAX,,,,,,,
1123,Organto Foods Inc.,OGO,,,,,,,
1124,Origin Gold Corporation,OIC,,,,,,,
1125,Orletto Capital II Inc.,OLT.P,,,,,,,
1126,Oroco Resource Corp,OCO,,,,,,,
1127,Orsu Metals Corporation,OSU,,,,,,,
1128,Osino Resources Corp.,OSI,,,,,,,
1129,Osisko Metals Incorporated,OM,,,,,,,
1130,Osprey Gold Development Ltd.,OS,,,,,,,
1131,Otso Gold Corp.,OTSO,,,,,,,
1132,Outcrop Gold Corp.,OCG,,,,,,,
1133,Pacgen Life Science Corporation,PBS,,,,,,,
1134,Pacific Bay Minerals Ltd.,PBM,,,,,,,
1135,Pacific Booker Minerals Inc.,BKM,,,,,,,
1136,Pacific Empire Minerals Corp.,PEMC,,,,,,,
1137,Pacific Imperial Mines Inc.,PPM,,,,,,,
1138,Pacific Ridge Exploration Ltd.,PEX,,,,,,,
1139,Pacific Silk Road Resources Group Inc.,PP,,,,,,,
1140,Pacton Gold Inc.,PAC,,,,,,,
1141,Palamina Corp.,PA,,,,,,,
1142,Paleo Resources. Inc.,PRE,,,,,,,
1143,Palladium One Mining Inc.,PDM,,,,,,,
1144,Pan Andean Minerals Ltd.,PAD,,,,,,,
1145,Pan Global Resources Inc.,PGZ,,,,,,,
1146,Pan Orient Energy Corp.,POE,,,,,,,
1147,Pancontinental Resources Corporation,PUC,,,,,,,
1148,Pangolin Diamonds Corp.,PAN,,,,,,,
1149,Panorama Capital Corp.,PANO.P,,,,,,,
1150,Panoro Minerals Ltd.,PML,,,,,,,
1151,Parallel Mining Corp.,PAL,,,,,,,
1152,Parkit Enterprise Inc.,PKT,,,,,,,
1153,Partner Jet Corp.,PJT,,,,,,,
1154,Partners Value Investments LP,PVF.UN,,,,,,,
1155,Partners Value Investments LP pref ser A,PVF.PR.U,,,,,,,
1156,Partners Value Investments LP wt 30Jun2026,PVF.WT,,,,,,,
1157,Pascal Biosciences Inc.,PAS,,,,,,,
1158,Pasofino Gold Limited,VEIN,,,,,,,
1159,Patagonia Gold Corp.,PGDC,,,,,,,
1160,Pearl River Holdings Limited,PRH,,,,,,,
1161,Peeks Social Ltd.,PEEK,,,,,,,
1162,Pelangio Exploration Inc.,PX,,,,,,,
1163,Pender Growth Fund Inc.,PTF,,,,,,,
1164,People Corporation,PEO,,,,,,,
1165,Perihelion Capital Ltd.,PCL.P,,,,,,,
1166,Perisson Petroleum Corporation,POG,,,,,,,
1167,Pershimex Resources Corporation,PRO,,,,,,,
1168,Peruvian Metals Corp.,PER,,,,,,,
1169,PetroFrontier Corp,PFC,,,,,,,
1170,Petrolympic Ltd,PCQ,,,,,,,
1171,PetroShale Inc.,PSH,,,,,,,
1172,PetroTal Corp.,TAL,,,,,,,
1173,Petroteq Energy Inc.,PQE,,,,,,,
1174,Petro-Victory Energy Corp.,VRY,,,,,,,
1175,Petrox Resources Corp.,PTC,,,,,,,
1176,Pharmacielo Ltd.,PCLO,,,,,,,
1177,Philippine Metals Inc.,PHI,,,,,,,
1178,Phoenix Canada Oil Company Limited,PCO,,,,,,,
1179,Phoenix Gold Resources Corp.,PXA,,,,,,,
1180,Pieridae Energy Limited,PEA,,,,,,,
1181,Pine Trail Real Estate Investment Trust,PINE.UN,,,,,,,
1182,Pine Trail Real Estate Investment Trust USD,PINE.U,,,,,,,
1183,Pinecrest Resources Ltd.,PCR,,,,,,,
1184,Pinedale Energy Limited,MCF,,,,,,,
1185,Pinehurst Capital I Inc.,PHT.P,,,,,,,
1186,Pinehurst Capital II Inc.,PINH.P,,,,,,,
1187,Pioneering Technology Corp,PTE,,,,,,,
1188,Pipestone Energy Corp.,PIPE,,,,,,,
1189,Pipestone Energy Corp. wt 19may2021,PIPE.WT,,,,,,,
1190,Pistol Bay Mining Inc.,PST,,,,,,,
1191,PJX Resources Inc.,PJX,,,,,,,
1192,PKS Capital Corp.,PKS.P,,,,,,,
1193,Planet Ventures Inc.,PXI,,,,,,,
1194,Plata Latina Minerals Corporation,PLA,,,,,,,
1195,Plateau Energy Metals Inc.,PLU,,,,,,,
1196,Platform 9 Capital Corp.,PN.P,,,,,,,
1197,Plato Gold Corp.,PGC,,,,,,,
1198,Playfair Mining Ltd.,PLY,,,,,,,
1199,PLB Capital Corp.,PLB.P,,,,,,,
1200,POCML 5 Inc.,PCML.P,,,,,,,
1201,POET Technologies Inc.,PTK,,,,,,,
1202,Point Loma Resources Ltd.,PLX,,,,,,,
1203,Point Loma Resources Ltd. Wts,PLX.WT,,,,,,,
1204,Pond Technologies Holdings Inc.,POND,,,,,,,
1205,Pool Safe Inc.,POOL,,,,,,,
1206,Portofino Resources Inc.,POR,,,,,,,
1207,Power Group Projects Corp.,PGP,,,,,,,
1208,Power Metals Corp.,PWM,,,,,,,
1209,Powerband Solutions Inc.,PBX,,,,,,,
1210,PowerOre Inc.,PORE,,,,,,,
1211,Precipitate Gold Corp.,PRG,,,,,,,
1212,Premier Diversified Holdings Inc.,PDH,,,,,,,
1213,Premier Health of America Inc.,PHA,,,,,,,
1214,Prime Meridian Resources Corp,PMR,,,,,,,
1215,Prime Mining Corp.,PRYM,,,,,,,
1216,Primeline Energy Holdings Inc.,PEH,,,,,,,
1217,Prism Resources Inc.,PRS,,,,,,,
1218,ProAm Explorations Corporation,PMX,,,,,,,
1219,Probe Metals Inc.,PRB,,,,,,,
1220,Prodigy Ventures Inc.,PGV,,,,,,,
1221,Progressive Planet Solutions Inc.,PLAN,,,,,,,
1222,ProntoForms Corporation,PFM,,,,,,,
1223,Prospect Park Capital Corp.,PPK,,,,,,,
1224,Prosper Gold Corp.,PGX,,,,,,,
1225,Prospera Energy Inc.,PEI,,,,,,,
1226,Prospero Silver Corp.,PSL,,,,,,,
1227,Protech Home Medical Corp.,PTQ,,,,,,,
1228,Protech Home Medical Corp. db07mar2024,PTQ.DB.A,,,,,,,
1229,Providence Gold Mines Inc.,PHD,,,,,,,
1230,Pulse Oil Corp.,PUL,,,,,,,
1231,Puma Exploration Inc.,PUMA,,,,,,,
1232,Pure Energy Minerals Limited,PE,,,,,,,
1233,Pure Gold Mining Inc.,PGM,,,,,,,
1234,Purepoint Uranium Group Inc.,PTU,,,,,,,
1235,PyroGenesis Canada Inc.,PYR,,,,,,,
1236,Q-Gold Resources LTD.,QGR,,,,,,,
1237,QMC Quantum Minerals Corp,QMC,,,,,,,
1238,QMX Gold Corporation,QMX,,,,,,,
1239,Quadro Resources Ltd.,QRO,,,,,,,
1240,Quantum Blockchain Technologies Ltd.,QBC.P,,,,,,,
1241,Quantum Numbers Corp.,QNC,,,,,,,
1242,Quartz Mountain Resources Ltd.,QZM,,,,,,,
1243,Quaterra Resources Inc.,QTA,,,,,,,
1244,Quebec Precious Metals Corporation,CJC,,,,,,,
1245,Queen's Road Capital Investment Ltd.,QRC,,,,,,,
1246,Queen's Road Capital Investment Ltd. Reg D,QRC.S,,,,,,,
1247,Quendale Capital Corp.,QOC.P,,,,,,,
1248,Quest Pharmatech Inc.,QPT,,,,,,,
1249,Questor Technology Inc.,QST,,,,,,,
1250,Quinto Resources Inc.,QIT,,,,,,,
1251,Quisitive Technology Solutions Inc.,QUIS,,,,,,,
1252,Quorum Information Technologies Inc.,QIS,,,,,,,
1253,QX Metals Corp.,QX,,,,,,,
1254,Qyou Media Inc.,QYOU,,,,,,,
1255,R&R Real Estate Investment Trust,RRR.UN,,,,,,,
1256,Rackla Metals Inc.,RAK,,,,,,,
1257,Radient Technologies Inc.,RTI,,,,,,,
1258,Radisson Mining Resources Inc.,RDS,,,,,,,
1259,Radius Gold Inc.,RDU,,,,,,,
1260,Rainy Hollow Ventures Inc.,RHV.P,,,,,,,
1261,Rainy Mountain Royalty Corp.,RMO,,,,,,,
1262,Raise Production Inc.,RPC,,,,,,,
1263,Rathdowney Resources Ltd.,RTH,,,,,,,
1264,Razor Energy Corp.,RZE,,,,,,,
1265,RE Royalties Ltd.,RE,,,,,,,
1266,Realia Properties Inc.,RLP,,,,,,,
1267,Realia Properties Inc. db30Sep2020,RLP.DB.A,,,,,,,
1268,Rebel Capital 2.0 Corp,RBZ.P,,,,,,,
1269,Reco International Group Inc.,RGI,,,,,,,
1270,Reconnaissance Energy Africa Ltd.,RECO,,,,,,,
1271,Red Moon Resources Inc.,RMK,,,,,,,
1272,Red Pine Exploration Inc.,RPX,,,,,,,
1273,Red River Capital Corp.,XBT.P,,,,,,,
1274,Redishred Capital Corp,KUT,,,,,,,
1275,Redstar Gold Corp,RGC,,,,,,,
1276,Regent Pacific Properties Inc,RPP,,,,,,,
1277,Regulus Resources Inc,REG,,,,,,,
1278,Reko International Group Inc,REKO,,,,,,,
1279,Relevium Technologies Inc.,RLV,,,,,,,
1280,Reliq Health Technologies Inc.,RHT,,,,,,,
1281,Renaissance Gold Inc.,REN,,,,,,,
1282,Renaissance Oil Corp,ROE,,,,,,,
1283,Renaissance Oil Corp wt 05Mar2021,ROE.WT.B,,,,,,,
1284,Renaissance Oil Corp. wt 06Oct2020,ROE.WT.A,,,,,,,
1285,RenoWorks Software Inc,RW,,,,,,,
1286,Replicel Life Sciences Inc.,RP,,,,,,,
1287,Resaas Services Inc.,RSS,,,,,,,
1288,Resolve Ventures Inc.,RSV,,,,,,,
1289,Return Energy Inc.,RTN,,,,,,,
1290,Reunion Gold Corporation,RGD,,,,,,,
1291,Revelo Resources Corp.,RVL,,,,,,,
1292,Revival Gold Inc.,RVG,,,,,,,
1293,RevoluGROUP Canada Inc.,REVO,,,,,,,
1294,Rhyolite Resources Ltd,RYE,,,,,,,
1295,Richmond Minerals Inc.,RMD,,,,,,,
1296,Ridgestone Mining Inc.,RMI,,,,,,,
1297,RIFCO Inc.,RFC,,,,,,,
1298,Riley Resources Corp.,RLY,,,,,,,
1299,Rio Silver Inc,RYO,,,,,,,
1300,Rio2 Limited,RIO,,,,,,,
1301,Risetech Capital Corp.,RTCC.P,,,,,,,
1302,Riverside Resources Inc,RRI,,,,,,,
1303,RJK Explorations Ltd.,RJX.A,,,,,,,
1304,Roadman Investments Corp.,LITT,,,,,,,
1305,Robex Resources Inc.,RBX,,,,,,,
1306,Rochester Resources Ltd.,RCT,,,,,,,
1307,Rock Tech Lithium Inc.,RCK,,,,,,,
1308,Rockhaven Resources Ltd,RK,,,,,,,
1309,Rockridge Resources Ltd.,ROCK,,,,,,,
1310,Rockwealth Resources Corp.,RWR,,,,,,,
1311,Rocky Mountain Liquor Inc.,RUM,,,,,,,
1312,Rogue Resources Inc.,RRS,,,,,,,
1313,ROK Resources Inc.,ROK,,,,,,,
1314,Rokmaster Resources Corp.,RKR,,,,,,,
1315,Romios Gold Resources Inc.,RG,,,,,,,
1316,Roosevelt Capital Group Inc.,ROSV.P,,,,,,,
1317,Roscan Gold Corporation,ROS,,,,,,,
1318,Roughrider Exploration Limited,REL,,,,,,,
1319,Route1 Inc.,ROI,,,,,,,
1320,Routemaster Capital Inc.,RM,,,,,,,
1321,Rover Metals Corp.,ROVR,,,,,,,
1322,Royal Gold Mining Inc.,ROYL,,,,,,,
1323,Royal Helium Ltd.,RHC,,,,,,,
1324,Royal Road Minerals Limited,RYR,,,,,,,
1325,Royalty North Partners Ltd.,RNP,,,,,,,
1326,Royalty North Partners Ltd. wt 01Sept2021,RNP.WT,,,,,,,
1327,Rozdil Capital Corporation,ROZ.P,,,,,,,
1328,RT Minerals Corp.,RTM,,,,,,,
1329,Rugby Mining Limited,RUG,,,,,,,
1330,Rupert Resources Ltd.,RUP,,,,,,,
1331,Rusoro Mining Ltd,RML,,,,,,,
1332,RYU Apparel Inc.,RYU,,,,,,,
1333,Sable Resources Ltd,SAE,,,,,,,
1334,Sahara Energy Ltd,SAH,,,,,,,
1335,Sailfish Royalty Corp.,FISH,,,,,,,
1336,Saint Jean Carbon Inc.,SJL,,,,,,,
1337,Salazar Resources Limited,SRL,,,,,,,
1338,Sama Resources Inc./Ressources Sama Inc.,SME,,,,,,,
1339,Samco Gold Limited,SGA,,,,,,,
1340,Samoth Oilfield Inc.,SCD,,,,,,,
1341,San Marco Resources Inc.,SMN,,,,,,,
1342,Sanatana Resources Inc.,STA,,,,,,,
1343,Sandfire Resources America Inc.,SFR,,,,,,,
1344,Sangoma Technologies Corporation,STC,,,,,,,
1345,Sanibel Ventures Corp.,SBEL.P,,,,,,,
1346,Santacruz Silver Mining Ltd.,SCZ,,,,,,,
1347,Sarama Resources Ltd.,SWA,,,,,,,
1348,Satori Resources Inc.,BUD,,,,,,,
1349,Saturn Oil & Gas Inc.,SOIL,,,,,,,
1350,Saville Resources Inc.,SRE,,,,,,,
1351,Schooner Capital Corp.,SCH.P,,,,,,,
1352,Score Media and Gaming Inc.,SCR,,,,,,,
1353,Scorpio Gold Corporation,SGN,,,,,,,
1354,Scottie Resources Corp.,SCOT,,,,,,,
1355,ScoZinc Mining Ltd.,SZM,,,,,,,
1356,Search Minerals Inc.,SMY,,,,,,,
1357,Searchlight Resources Inc.,SCLT,,,,,,,
1358,Seashore Resources Partners Corp.,SSH.P,,,,,,,
1359,Sego Resources Inc,SGZ,,,,,,,
1360,Select Sands Corp.,SNS,,,,,,,
1361,Sennen Potash Corporation,SN,,,,,,,
1362,Serengeti Resources Inc.,SIR,,,,,,,
1363,Sernova Corp.,SVA,,,,,,,
1364,Seven Aces Limited,ACES,,,,,,,
1365,ShaMaran Petroleum Corp,SNM,,,,,,,
1366,Shaw Communications Inc. cl A Part,SJR.A,,,,,,,
1367,Sherpa II Holdings Corp.,SHRP.P,,,,,,,
1368,Shine Box Capital Corp.,RENT.P,,,,,,,
1369,Shine Minerals Corp.,SMR,,,,,,,
1370,Shooting Star Acquisition Corp.,SSSS.P,,,,,,,
1371,Sienna Resources Inc.,SIE,,,,,,,
1372,Sigma Lithium Resources Corporation,SGMA,,,,,,,
1373,Signature Resources Ltd.,SGU,,,,,,,
1374,Silver Grail Resources Ltd.,SVG,,,,,,,
1375,Silver Mountain Mines Inc.,SMM,,,,,,,
1376,Silver One Resources Inc.,SVE,,,,,,,
1377,Silver Predator Corp.,SPD,,,,,,,
1378,Silver Range Resources Ltd.,SNG,,,,,,,
1379,Silver Spruce Resources Inc.,SSE,,,,,,,
1380,Silver Tiger Metals Inc.,SLVR,,,,,,,
1381,Silver Viper Minerals Corp.,VIPR,,,,,,,
1382,Sintana Energy Inc.,SEI,,,,,,,
1383,SIQ Mountain Industries Inc.,SIQ,,,,,,,
1384,Sirios Resources Inc.,SOI,,,,,,,
1385,Sirona Biochem Corp,SBM,,,,,,,
1386,Siyata Mobile Inc.,SIM,,,,,,,
1387,Skeena Resources Limited,SKE,,,,,,,
1388,SKRR Exploration Inc.,SKRR,,,,,,,
1389,Sky Gold Corp.,SKYG,,,,,,,
1390,Skychain Technologies Inc.,SCT,,,,,,,
1391,Skyharbour Resources Ltd.,SYH,,,,,,,
1392,SLAM Exploration Ltd,SXL,,,,,,,
1393,Smart Employee Benefits Inc.,SEB,,,,,,,
1394,Smartset Services Inc.,SMAR.P,,,,,,,
1395,Smooth Rock Ventures Corp.,SOCK,,,,,,,
1396,Snipp Interactive Inc.,SPN,,,,,,,
1397,Société d'exploration minière Vior Inc.,VIO,,,,,,,
1398,Softrock Minerals Ltd,SFT,,,,,,,
1399,Sokoman Minerals Corp.,SIC,,,,,,,
1400,Solar Alliance Energy Inc.,SOLR,,,,,,,
1401,Solarvest BioEnergy Inc,SVS,,,,,,,
1402,SolidusGold Inc.,SDC,,,,,,,
1403,Solstice Gold Corp.,SGC,,,,,,,
1404,Solution Financial Inc.,SFI,,,,,,,
1405,Soma Gold Corp.,SOMA,,,,,,,
1406,Sonor Investments Limited 9% cum red 1st prf,SNI.PR.A,,,,,,,
1407,Sonora Gold & Silver Corp,SOC,,,,,,,
1408,Sonoro Energy Ltd.,SNV,,,,,,,
1409,Sonoro Metals Corp,SMO,,,,,,,
1410,South Star Mining Corp.,STS,,,,,,,
1411,Southern Arc Minerals Inc.,SA,,,,,,,
1412,Southern Empire Resources Corp.,SMP,,,,,,,
1413,Southern Energy Corp.,SOU,,,,,,,
1414,Southern Silver Exploration Corp,SSV,,,,,,,
1415,Southstone Minerals Limited,SML,,,,,,,
1416,Spackman Equities Group Inc.,SQG,,,,,,,
1417,Spanish Mountain Gold Ltd,SPA,,,,,,,
1418,Sparta Capital Ltd.,SAY,,,,,,,
1419,Sparton Resources Inc,SRI,,,,,,,
1420,Spectra Products Inc.,SSA,,,,,,,
1421,Spectra7 Microsystems Inc.,SEV,,,,,,,
1422,Spectre Capital Corp.,SOO.P,,,,,,,
1423,Sphinx Resources Ltd.,SFX,,,,,,,
1424,Spirit Banner II Capital Corp.,SBTC.P,,,,,,,
1425,Sportscene Group Inc. cl A mv,SPS.A,,,,,,,
1426,Spot Coffee (Canada) Ltd.,SPP,,,,,,,
1427,Spruce Ridge Resources Ltd.,SHL,,,,,,,
1428,Spyder Cannabis Inc.,SPDR,,,,,,,
1429,SQI Diagnostics Inc,SQD,,,,,,,
1430,SRG Mining Inc.,SRG,,,,,,,
1431,Stakeholder Gold Corp.,SRC,,,,,,,
1432,Stampede Drilling Inc.,SDI,,,,,,,
1433,Stamper Oil & Gas Corp.,STMP,,,,,,,
1434,Standard Lithium Ltd.,SLL,,,,,,,
1435,Standard Uranium Ltd.,STND,,,,,,,
1436,Starlight U.S. Multi-Family (No.1) Core Plus Fund,SCPO.UN,,,,,,,
1437,Starr Peak Exploration Ltd.,STE,,,,,,,
1438,Stellar AfricaGold Inc.,SPX,,,,,,,
1439,Stelmine Canada Ltd.,STH,,,,,,,
1440,Storagevault Canada Inc,SVI,,,,,,,
1441,Stratabound Minerals Corp.,SB,,,,,,,
1442,Strata-X Energy Ltd.,SXE,,,,,,,
1443,Strategem Capital Corporation,SGE,,,,,,,
1444,Strategic Metals Ltd.,SMD,,,,,,,
1445,Strategic Resources Inc.,SR,,,,,,,
1446,Stria Lithium Inc.,SRA,,,,,,,
1447,Strikepoint Gold Inc.,SKP,,,,,,,
1448,Strikewell Energy Corp,SKK,,,,,,,
1449,Strongbow Exploration Inc.,SBW,,,,,,,
1450,Stroud Resources Ltd.,SDR,,,,,,,
1451,Stuhini Exploration Ltd.,STU,,,,,,,
1452,Sugarbud Craft Growers Corp.,SUGR,,,,,,,
1453,Sugarbud Craft Growers Corp. wt 12sep2023,SUGR.WT,,,,,,,
1454,Sun Metals Corp.,SUNM,,,,,,,
1455,Sun Residential Real Estate Investment Trust,SRES,,,,,,,
1456,Sunora Foods Inc.,SNF,,,,,,,
1457,Superior Gold Inc.,SGI,,,,,,,
1458,Surge Copper Corp.,SURG,,,,,,,
1459,Surge Exploration Inc.,SUR,,,,,,,
1460,Sustainco Inc.,SMS,,,,,,,
1461,Sylogist Ltd.,SYZ,,,,,,,
1462,Synstream Energy Corp.,SHM,,,,,,,
1463,Tajiri Resources Corp.,TAJ,,,,,,,
1464,Taranis Resources Inc.,TRO,,,,,,,
1465,Target Capital Inc.,TCI,,,,,,,
1466,Tarku Resources Ltd.,TKU,,,,,,,
1467,Tectonic Metals Inc.,TECT,,,,,,,
1468,Telo Genomics Corp.,TELO,,,,,,,
1469,Telson Mining Corporation,TSN,,,,,,,
1470,Tembo Gold Corp.,TEM,,,,,,,
1471,Tenth Avenue Petroleum Corp.,TPC,,,,,,,
1472,Teras Resources Inc.,TRA,,,,,,,
1473,Terra Firma Capital Corporation,TII,,,,,,,
1474,Terrace Energy Corp.,TZR,,,,,,,
1475,Terrace Energy Corp. Deb,TZR.DB,,,,,,,
1476,Terrace Global Inc.,TRCE,,,,,,,
1477,Tesoro Minerals Corp.,TES,,,,,,,
1478,Tethyan Resource Corp.,TETH,,,,,,,
1479,Tetra Bio-Pharma Inc wt 12jul2022,TBP.WT.A,,,,,,,
1480,Tetra Bio-Pharma Inc wt 13Feb2023,TBP.WT.B,,,,,,,
1481,Tetra Bio-Pharma Inc.,TBP,,,,,,,
1482,Tetra Bio-Pharma Inc. wt ex 05Mar2021,TBP.WT,,,,,,,
1483,Teuton Resources Corp,TUO,,,,,,,
1484,The Flowr Corporation,FLWR,,,,,,,
1485,The Flowr Corporation wt 09Aug2021,FLWR.WT,,,,,,,
1486,The Mint Corporation,MIT,,,,,,,
1487,The Westaim Corporation,WED,,,,,,,
1488,The Westaim Corporation Preferred A,WED.PR.A,,,,,,,
1489,The Western Investment Company of Canada Limted,WI,,,,,,,
1490,Themac Resources Group Limited,MAC,,,,,,,
1491,Theralase Technologies Inc.,TLT,,,,,,,
1492,Theralase Technologies Inc. wt 22Aug2024,TLT.WT,,,,,,,
1493,Therma Bright Inc.,THRM,,,,,,,
1494,Thermal Energy International Inc.,TMG,,,,,,,
1495,Thor Explorations Ltd,THX,,,,,,,
1496,"Thunder Mountain Gold, Inc.",THM,,,,,,,
1497,Thunderbird Entertainment Group Inc.,TBRD,,,,,,,
1498,Thunderstruck Resources Ltd.,AWE,,,,,,,
1499,Tiger International Resources Inc.,TGR,,,,,,,
1500,Till Capital Corporation,TIL,,,,,,,
1501,Timberline Resources Corporation,TBR,,,,,,,
1502,Timeless Capital Corp.,TLC.P,,,,,,,
1503,Timia Capital Corp.,TCA,,,,,,,
1504,Tinka Resources Limited,TK,,,,,,,
1505,Tinkerine Studios Ltd.,TTD,,,,,,,
1506,Tintina Mines Ltd,TTS,,,,,,,
1507,Tisdale Resources Corp.,TRC,,,,,,,
1508,Titan Logix Corp,TLA,,,,,,,
1509,Titanium Corporation Inc.,TIC,,,,,,,
1510,Titanium Transportation Group Inc.,TTR,,,,,,,
1511,TNR Gold Corp.,TNR,,,,,,,
1512,TomaGold Corporation,LOT,,,,,,,
1513,Tornado Global Hydrovacs Ltd.,TGH,,,,,,,
1514,Torq Resources Inc.,TORQ,,,,,,,
1515,Torque Esports Corp.,GAME,,,,,,,
1516,Torrent Capital Ltd.,TORR,,,,,,,
1517,Total Telcom Inc.,TTZ,,,,,,,
1518,Totally Hip Technologies Inc.,THP,,,,,,,
1519,Tower Resources Ltd.,TWR,,,,,,,
1520,Trackx Holdings Inc.,TKX,,,,,,,
1521,Transatlantic Mining Corp.,TCO,,,,,,,
1522,Transition Metals Corp.,XTM,,,,,,,
1523,Trench Solutions Inc.,TSI,,,,,,,
1524,Trenchant Capital Corp.,TCC,,,,,,,
1525,Trenchant Capital Corp. db31jan2023,TCC.DB.A,,,,,,,
1526,Trenchant Capital Corp. DB31MAR2022,TCC.DB,,,,,,,
1527,Tres-Or Resources Ltd.,TRS,,,,,,,
1528,Tri Capital Opportunities Corp.,TCAP.P,,,,,,,
1529,Tri Origin Exploration Ltd.,TOE,,,,,,,
1530,Trifecta Gold Ltd.,TG,,,,,,,
1531,Trigon Metals Inc.,TM,,,,,,,
1532,Trillium Acquisition Corp.,TCK.P,,,,,,,
1533,TriStar Gold Inc.,TSG,,,,,,,
1534,Triumph Gold Corp.,TIG,,,,,,,
1535,Troubadour Resources Inc.,TR,,,,,,,
1536,True North Gems Inc.,TGX,,,,,,,
1537,Trustbix Inc.,TBIX,,,,,,,
1538,Tsodilo Resources Limited,TSD,,,,,,,
1539,Tudor Gold Corp,TUD,,,,,,,
1540,Turmalina Metals Corp.,TBX,,,,,,,
1541,Tvi Pacific Inc.,TVI,,,,,,,
1542,Twyford Ventures Inc,TWY,,,,,,,
1543,Tymbal Resources Ltd.,TYMB,,,,,,,
1544,Typhoon Exploration Inc,TYP,,,,,,,
1545,Ucore Rare Metals Inc,UCU,,,,,,,
1546,UGE International Ltd.,UGE,,,,,,,
1547,Ultra Resources Inc.,ULT,,,,,,,
1548,Unigold Inc.,UGD,,,,,,,
1549,Unilock Capital Corp.,UUU.P,,,,,,,
1550,Uniserve Communications Corporation,USS,,,,,,,
1551,United Hunter Oil & Gas Corp.,UHO,,,,,,,
1552,Universal Copper Ltd.,UNV,,,,,,,
1553,Uranium Royalty Corp.,URC,,,,,,,
1554,Uranium Royalty Corp. wt 06Dec2024,URC.WT,,,,,,,
1555,Uravan Minerals Inc.,UVN,,,,,,,
1556,Urbanfund Corp.,UFC,,,,,,,
1557,Urbangold Minerals Inc.,UGM,,,,,,,
1558,Urbanimmersive Inc.,UI,,,,,,,
1559,USHA Resources Ltd.,USHA,,,,,,,
1560,Valdor Technology International Inc.,VTI,,,,,,,
1561,Valdy Investments Ltd.,VLDY.P,,,,,,,
1562,Valore Metals Corp.,VO,,,,,,,
1563,Valterra Resource Corporation,VQA,,,,,,,
1564,Vanadian Energy Corp.,VEC,,,,,,,
1565,Vanadium One Iron Corp.,VONE,,,,,,,
1566,Vanadiumcorp Resource Inc.,VRB,,,,,,,
1567,Vangold mining Corp.,VGLD,,,,,,,
1568,Vanstar Mining Resources Inc,VSR,,,,,,,
1569,Vantex Resources Ltd.,VAX,,,,,,,
1570,Vatic Ventures Corp,VCV,,,,,,,
1571,Vaxil Bio Ltd.,VXL,,,,,,,
1572,Velocity Minerals Ltd.,VLC,,,,,,,
1573,Vendetta Mining Corp,VTT,,,,,,,
1574,Venerable Ventures Ltd.,VLV,,,,,,,
1575,VentriPoint Diagnostics Ltd.,VPT,,,,,,,
1576,Venzee Technologies Inc.,VENZ,,,,,,,
1577,Vertex Resource Group Ltd.,VTX,,,,,,,
1578,Vertical Exploration Inc.,VERT,,,,,,,
1579,Victory Metals Inc.,VMX,,,,,,,
1580,Vigil Health Solutions Inc,VGL,,,,,,,
1581,Vincero Capital Corp.,VCO.P,,,,,,,
1582,VIQ Solutions Inc.,VQS,,,,,,,
1583,Virginia Energy Resources Inc.,VUI,,,,,,,
1584,Viscount Mining Corp.,VML,,,,,,,
1585,Visible Gold Mines Inc.,VGD,,,,,,,
1586,Vision Lithium Inc.,VLI,,,,,,,
1587,Visionstate Corp.,VIS,,,,,,,
1588,Vital Energy Inc.,VUX,,,,,,,
1589,Vitalhub Corp.,VHI,,,,,,,
1590,Vitality Products Inc.,VPI,,,,,,,
1591,Vitreous Glass Inc,VCI,,,,,,,
1592,Viva Gold Corp.,VAU,,,,,,,
1593,Vivere Communities Inc.,VCOM,,,,,,,
1594,Vizsla Resources Corp.,VZLA,,,,,,,
1595,Volcanic Gold Mines Inc.,VG,,,,,,,
1596,Voleo Trading Systems Inc.,TRAD,,,,,,,
1597,Volt Energy Corp.,VOLT,,,,,,,
1598,Voti Detection Inc.,VOTI,,,,,,,
1599,Vox Royalty Corp.,VOX,,,,,,,
1600,Voyageur Pharmaceuticals Ltd.,VM,,,,,,,
1601,VR Resources Ltd.,VRR,,,,,,,
1602,Vulcan Minerals Inc,VUL,,,,,,,
1603,VVC Exploration Corporation,VVC,,,,,,,
1604,Walker River Resources Corp.,WRR,,,,,,,
1605,Warrior Gold Inc.,WAR,,,,,,,
1606,Waseco Resources Inc,WRI,,,,,,,
1607,Water Ways Technologies Inc.,WWT,,,,,,,
1608,Wavefront Technology Solutions Inc,WEE,,,,,,,
1609,Waverley Pharma Inc.,WAVE,,,,,,,
1610,Wealth Minerals Ltd,WML,,,,,,,
1611,WeedMD Inc.,WMD,,,,,,,
1612,WeedMD Inc. db25Sept2022,WMD.DB,,,,,,,
1613,WeedMD Inc. wt 2022Sept25,WMD.WT,,,,,,,
1614,Wescan Energy Corp.,WCE,,,,,,,
1615,Wescan Goldfields Inc.,WGF,,,,,,,
1616,West High Yield (W.H.Y.) Resources Ltd,WHY,,,,,,,
1617,West Kirkland Mining Inc,WKM,,,,,,,
1618,WestBond Enterprises Corporation,WBE,,,,,,,
1619,Westcore Energy Ltd.,WTR,,,,,,,
1620,Western Atlas Resources Inc,WA,,,,,,,
1621,Western Magnesium Corporation,WMG,,,,,,,
1622,Western Pacific Resources Corp.,WRP,,,,,,,
1623,Western Pacific Trust Company,WP,,,,,,,
1624,Westhaven Ventures Inc,WHN,,,,,,,
1625,WestKam Gold Corp.,WKG,,,,,,,
1626,Westminster Resources Ltd.,WMR,,,,,,,
1627,White Gold Corp.,WGO,,,,,,,
1628,White Metal Resources Corp.,WHM,,,,,,,
1629,Whitemud Resources Inc,WMK,,,,,,,
1630,Wi2Wi Corporation,YTY,,,,,,,
1631,Wilton Resources Inc,WIL,,,,,,,
1632,Windfall Geotek Inc.,WIN,,,,,,,
1633,Winshear Gold Corp.,WINS,,,,,,,
1634,Winston Capital Group Inc.,WNST.P,,,,,,,
1635,Wolf Acquisition Corp.,WOLF.P,,,,,,,
1636,Wolfden Resources Corporation,WLF,,,,,,,
1637,Wolverine Energy and Infrastructure Inc.,WEII,,,,,,,
1638,Woodbridge Ventures Inc.,WOOD.P,,,,,,,
1639,Wow Unlimited Media Inc.,WOW,,,,,,,
1640,Xander Resources Inc.,XND,,,,,,,
1641,XAU Resources Inc.,GIG.P,,,,,,,
1642,Xebec Adsorption Inc.,XBC,,,,,,,
1643,Xebec Adsorption Inc. wt 04Jul2020,XBC.WT,,,,,,,
1644,Xiana Mining Inc.,XIA,,,,,,,
1645,XIB I Capital Corp.,XIB.P,,,,,,,
1646,Ximen Mining Corp.,XIM,,,,,,,
1647,X-Terra Resources Inc,XTT,,,,,,,
1648,Xtierra Inc,XAG,,,,,,,
1649,XXL Energy Corp,XL,,,,,,,
1650,Yangaroo Inc.,YOO,,,,,,,
1651,YDX Innovation Corp.,YDX,,,,,,,
1652,Ynvisible Interactive Inc.,YNV,,,,,,,
1653,Yorkton Ventures Inc,YVI,,,,,,,
1654,YSS Corp.,YSS,,,,,,,
1655,Zadar Ventures Ltd.,ZAD,,,,,,,
1656,Zedcor Energy Inc.,ZDC,,,,,,,
1657,Zen Graphene Solutions Ltd.,ZEN,,,,,,,
1658,Zenith Capital Corporation,ZENI.P,,,,,,,
1659,Zephyr Minerals Ltd.,ZFR,,,,,,,
1660,Zimtu Capital Corp.,ZC,,,,,,,
1661,Zinc One Resources Inc.,Z,,,,,,,
1662,Zincx Resources Corp.,ZNX,,,,,,,
1663,Zonetail Inc.,ZONE,,,,,,,
1664,Zonte Metals Inc.,ZON,,,,,,,
1665,Zoomaway Travel Inc.,ZMA,,,,,,,
1666,Zoomd Technologies Ltd.,ZOMD,,,,,,,
1667,ZoomerMedia Limited,ZUM,,,,,,,
